"","income.$15K-$19,9K","education.1","age","income.$30K-$34,9K","income.$7,5K-$9,9K","state.SC","income.$12,5K-$14,9K","income.$10K-$12,49K","gender.Female","income.Less-$5K","income.$25K-$29,9K","vote"
"1",1,0,1.3587364351826,0,0,0,0,0,0,0,0,"Yes"
"2",0,0,-1.44588971584865,0,0,0,0,0,0,0,1,"Yes"
"3",0,0,-1.44588971584865,1,0,0,0,0,1,0,0,"No"
"4",0,0,-0.530093421634369,0,0,0,0,0,0,0,0,"Yes"
"5",0,0,2.04558365584331,0,0,0,0,0,1,0,0,"Yes"
"6",0,0,1.64492277712456,1,0,0,0,0,1,0,0,"Yes"
"7",0,0,-1.0452288371299,0,0,0,0,0,0,0,0,"No"
"8",0,1,1.47321097195938,0,0,0,0,0,0,0,0,"Yes"
"9",0,0,0.271228335803131,0,0,0,0,0,0,0,0,"Yes"
"10",0,1,1.64492277712456,0,0,0,1,0,0,0,0,"Yes"
"11",0,0,1.24426189840581,0,0,0,0,0,0,0,0,"Yes"
"12",0,0,-0.530093421634369,0,0,0,0,0,1,0,0,"Yes"
"13",0,0,-0.186669811304012,0,0,0,0,0,0,0,0,"Yes"
"14",1,0,1.24426189840581,0,0,0,0,0,1,0,0,"Yes"
"15",0,0,-1.67483878940223,0,0,0,0,0,1,0,0,"Yes"
"16",0,0,0.614651946133488,0,0,0,0,0,0,0,0,"Yes"
"17",0,0,-0.243907079692405,0,0,0,1,0,0,0,0,"Yes"
"18",0,1,-0.243907079692405,0,0,0,0,0,0,0,0,"Yes"
"19",0,0,-1.67483878940223,0,0,0,0,0,1,0,0,"Yes"
"20",0,1,1.58768550873617,0,1,0,0,0,0,0,0,"Yes"
"21",0,0,0.0422792622495595,0,0,0,0,0,1,0,0,"No"
"22",0,0,0.900838288075452,1,0,0,0,0,0,0,0,"Yes"
"23",0,1,1.98834638745492,0,1,0,0,0,1,0,0,"Yes"
"24",0,0,0.385702872579917,0,0,0,0,0,1,0,0,"Yes"
"25",0,1,0.385702872579917,0,0,0,0,1,0,0,0,"Yes"
"26",0,0,-0.301144348080798,0,0,0,0,0,0,0,0,"Yes"
"27",0,0,0.0422792622495595,0,0,0,0,0,0,0,0,"Yes"
"28",0,0,-1.0452288371299,0,0,0,1,0,1,0,0,"Yes"
"29",0,0,0.843601019687059,0,0,0,0,0,0,0,0,"Yes"
"30",0,1,1.75939731390135,0,0,0,0,0,0,0,0,"Yes"
"31",1,1,-0.701805226799547,0,0,0,0,0,0,0,0,"No"
"32",0,0,0.328465604191524,0,0,0,0,0,1,0,0,"Yes"
"33",0,0,-0.701805226799547,0,0,0,0,0,0,0,0,"Yes"
"34",0,0,0.213991067414738,0,0,0,0,0,1,0,1,"Yes"
"35",1,0,0.0422792622495595,0,0,0,0,0,0,0,0,"Yes"
"36",0,0,-0.472856153245976,0,0,0,0,1,0,0,0,"Yes"
"37",1,0,0.385702872579917,0,0,0,0,0,0,0,0,"Yes"
"38",0,0,-0.415618884857583,0,0,0,0,0,0,0,1,"Yes"
"39",0,0,-0.816279763576333,0,0,0,0,0,1,0,0,"Yes"
"40",0,0,1.58768550873617,0,0,0,0,0,1,0,0,"Yes"
"41",0,1,2.04558365584331,0,0,0,0,0,1,0,0,"Yes"
"42",0,0,1.70216004551295,0,1,0,0,0,1,0,0,"Yes"
"43",0,1,-1.50312698423705,0,0,0,0,0,1,1,0,"No"
"44",0,0,0.729126482910274,0,0,0,0,0,0,0,0,"Yes"
"45",0,0,-0.243907079692405,0,0,0,1,0,0,0,0,"Yes"
"46",0,0,1.24426189840581,0,0,0,1,0,0,0,0,"Yes"
"47",0,0,0.557414677745095,0,0,0,0,0,0,0,0,"Yes"
"48",0,0,-1.38865244746026,0,0,0,0,0,1,0,0,"Yes"
"49",0,0,0.958075556463845,0,0,0,0,0,0,0,0,"Yes"
"50",0,0,-0.75904249518794,0,0,0,0,0,1,1,0,"Yes"
"51",0,0,-1.21694064229508,0,0,0,0,0,0,0,0,"No"
"52",0,0,0.786363751298667,0,0,0,0,0,0,0,0,"Yes"
"53",1,1,0.786363751298667,0,0,0,0,0,0,0,0,"No"
"54",0,0,2.04558365584331,0,0,0,0,1,1,0,0,"Yes"
"55",0,0,-1.50312698423705,0,0,0,0,0,1,1,0,"No"
"56",0,0,-1.78931332617901,0,0,0,0,0,1,0,0,"Yes"
"57",0,0,0.557414677745095,0,0,0,0,0,0,0,0,"Yes"
"58",0,0,-0.301144348080798,0,0,0,0,0,1,0,0,"Yes"
"59",0,0,0.271228335803131,0,0,0,1,0,1,0,0,"Yes"
"60",0,0,-0.186669811304012,0,0,0,0,0,1,0,0,"Yes"
"61",0,0,-1.15970337390669,0,0,0,0,0,1,0,0,"Yes"
"62",0,0,-1.61760152101383,0,0,0,0,0,0,0,0,"No"
"63",0,0,0.500177409356702,0,0,0,0,0,0,0,0,"Yes"
"64",0,0,-1.73207605779062,1,0,0,0,0,1,0,0,"Yes"
"65",0,0,0.0422792622495595,0,0,0,0,1,1,0,0,"No"
"66",0,0,1.01531282485224,0,0,0,0,0,1,0,0,"Yes"
"67",0,0,-1.1024661055183,0,0,0,0,0,0,1,0,"No"
"68",1,0,1.12978736162902,0,0,0,0,0,0,0,0,"Yes"
"69",0,0,-1.1024661055183,0,0,0,0,0,0,0,0,"Yes"
"70",0,0,-0.129432542915619,0,0,0,0,0,1,0,0,"No"
"71",1,0,0.729126482910274,0,0,0,0,0,1,0,0,"Yes"
"72",0,0,-0.816279763576333,0,0,0,0,0,0,0,1,"No"
"73",1,0,-0.301144348080798,0,0,0,0,0,1,0,0,"Yes"
"74",0,0,-1.38865244746026,0,1,0,0,0,1,0,0,"Yes"
"75",0,0,-0.35838161646919,0,0,0,0,0,1,0,0,"Yes"
"76",0,0,-0.587330690022762,0,0,0,0,0,1,0,0,"Yes"
"77",0,0,1.75939731390135,1,0,0,0,0,0,0,0,"Yes"
"78",0,0,1.81663458228974,1,0,0,0,0,1,0,0,"Yes"
"79",0,1,2.04558365584331,0,0,0,0,0,1,1,0,"Yes"
"80",0,0,-1.21694064229508,0,0,0,0,0,1,0,0,"Yes"
"81",0,0,-0.0149580061388333,0,0,0,0,0,1,0,0,"No"
"82",0,0,-1.15970337390669,0,0,0,0,0,1,0,0,"Yes"
"83",0,0,0.0422792622495595,0,0,0,0,0,0,0,0,"Yes"
"84",0,0,0.671889214521881,0,0,0,0,0,0,1,0,"Yes"
"85",0,0,-0.873517031964726,0,0,0,0,0,0,0,0,"Yes"
"86",0,1,0.671889214521881,0,0,0,0,0,0,0,0,"Yes"
"87",0,0,-1.21694064229508,0,0,0,0,0,0,0,0,"Yes"
"88",0,0,-1.33141517907187,0,0,0,0,0,1,0,0,"Yes"
"89",0,0,-1.38865244746026,0,0,0,0,0,1,0,0,"Yes"
"90",0,0,1.64492277712456,1,0,0,0,0,0,0,0,"No"
"91",0,0,0.729126482910274,0,1,0,0,0,1,0,0,"Yes"
"92",1,0,1.3587364351826,0,0,0,0,0,0,0,0,"Yes"
"93",0,0,-1.73207605779062,0,0,0,0,0,1,0,0,"Yes"
"94",0,0,0.442940140968309,0,0,0,0,0,0,0,0,"Yes"
"95",0,0,0.614651946133488,0,0,0,0,0,1,0,0,"Yes"
"96",0,0,0.0422792622495595,0,0,0,0,0,0,0,0,"No"
"97",0,0,0.557414677745095,0,0,0,0,0,1,0,0,"Yes"
"98",0,0,-1.61760152101383,1,0,0,0,0,1,0,0,"No"
"99",1,0,0.271228335803131,0,0,0,0,0,1,0,0,"Yes"
"100",0,0,-1.33141517907187,1,0,0,0,0,0,0,0,"No"
"101",0,0,-1.33141517907187,0,0,0,0,0,1,1,0,"Yes"
"102",0,0,-1.0452288371299,0,0,0,0,0,1,0,0,"No"
"103",0,0,1.12978736162902,0,0,0,0,0,1,0,1,"Yes"
"104",0,0,2.04558365584331,0,0,0,0,0,1,0,1,"Yes"
"105",1,0,1.58768550873617,0,0,0,0,0,0,0,0,"Yes"
"106",0,0,1.18702463001742,1,0,0,0,0,1,0,0,"Yes"
"107",0,1,1.3587364351826,0,0,0,0,0,1,1,0,"No"
"108",0,0,0.328465604191524,0,0,0,0,0,1,0,0,"Yes"
"109",0,0,0.614651946133488,1,0,0,0,0,0,0,0,"Yes"
"110",0,0,0.213991067414738,0,0,0,0,0,0,0,0,"Yes"
"111",0,0,-1.50312698423705,0,0,0,1,0,0,0,0,"No"
"112",0,0,0.843601019687059,0,0,0,0,0,0,0,0,"Yes"
"113",0,0,-1.21694064229508,0,0,0,0,0,0,0,0,"Yes"
"114",0,0,1.81663458228974,0,0,0,0,1,1,0,0,"Yes"
"115",0,0,-0.243907079692405,0,0,0,0,0,1,0,1,"Yes"
"116",0,0,-0.987991568741512,0,0,0,0,0,0,0,1,"No"
"117",0,0,0.786363751298667,0,0,0,0,0,0,0,1,"Yes"
"118",1,0,-0.415618884857583,0,0,0,0,0,0,0,0,"Yes"
"119",0,0,1.12978736162902,0,0,0,0,0,1,0,1,"Yes"
"120",0,0,-1.73207605779062,0,0,0,0,1,0,0,0,"Yes"
"121",0,1,0.500177409356702,1,0,0,0,0,1,0,0,"Yes"
"122",0,0,-0.987991568741512,0,0,0,0,0,1,0,0,"No"
"123",0,0,-0.301144348080798,0,0,0,0,0,1,0,0,"Yes"
"124",0,0,-0.186669811304012,0,0,0,0,0,1,0,0,"Yes"
"125",0,0,-1.50312698423705,0,0,0,0,0,1,0,0,"No"
"126",0,0,-0.301144348080798,0,0,0,0,0,0,0,0,"Yes"
"127",1,0,1.01531282485224,0,0,0,0,0,0,0,0,"Yes"
"128",0,1,0.557414677745095,0,1,0,0,0,1,0,0,"Yes"
"129",1,0,-1.50312698423705,0,0,0,0,0,0,0,0,"Yes"
"130",1,0,-0.415618884857583,0,0,0,0,0,1,0,0,"Yes"
"131",0,0,0.385702872579917,0,0,0,0,0,0,0,0,"Yes"
"132",0,0,-0.587330690022762,1,0,0,0,0,1,0,0,"Yes"
"133",0,0,0.614651946133488,0,0,0,0,0,1,0,0,"Yes"
"134",0,0,-0.587330690022762,0,1,0,0,0,1,0,0,"Yes"
"135",0,0,-0.701805226799547,0,0,0,0,0,1,0,0,"Yes"
"136",0,0,1.93110911906652,0,0,0,0,0,1,0,0,"Yes"
"137",0,0,0.156753799026345,0,0,0,0,0,1,0,0,"Yes"
"138",0,1,1.47321097195938,0,0,0,1,0,1,0,0,"Yes"
"139",0,0,0.0422792622495595,0,0,0,0,0,0,0,0,"Yes"
"140",0,0,0.442940140968309,0,0,0,0,0,1,0,0,"Yes"
"141",0,0,0.385702872579917,0,0,0,0,0,0,0,0,"Yes"
"142",0,1,0.900838288075452,0,0,0,0,0,1,0,0,"Yes"
"143",0,0,0.156753799026345,0,0,0,0,0,1,0,0,"Yes"
"144",0,0,-0.930754300353119,0,0,0,0,0,1,0,0,"Yes"
"145",0,1,1.18702463001742,0,0,0,0,1,1,0,0,"Yes"
"146",0,0,-1.67483878940223,0,1,0,0,0,0,0,0,"No"
"147",0,0,0.0995165306379524,0,0,0,0,0,1,0,0,"Yes"
"148",0,1,1.18702463001742,0,0,0,0,1,0,0,0,"Yes"
"149",0,0,-0.75904249518794,0,0,0,0,0,0,0,0,"No"
"150",0,0,-0.472856153245976,0,0,0,0,0,0,0,0,"Yes"
"151",0,0,0.786363751298667,0,0,0,0,0,0,0,0,"Yes"
"152",0,0,-1.61760152101383,0,0,0,0,0,1,0,0,"Yes"
"153",0,0,-0.186669811304012,0,0,0,0,0,0,0,0,"Yes"
"154",0,0,1.01531282485224,0,0,0,0,0,1,0,0,"Yes"
"155",1,0,-0.301144348080798,0,0,0,0,0,1,0,0,"No"
"156",0,0,0.0422792622495595,0,0,0,0,0,0,0,0,"Yes"
"157",0,0,-1.33141517907187,0,0,0,0,0,0,0,0,"Yes"
"158",0,0,-1.21694064229508,0,0,0,0,0,0,0,0,"No"
"159",0,0,0.328465604191524,1,0,0,0,0,1,0,0,"Yes"
"160",0,0,0.328465604191524,1,0,0,0,0,0,0,0,"Yes"
"161",0,1,1.24426189840581,0,0,0,0,0,0,1,0,"Yes"
"162",0,0,-0.301144348080798,0,0,0,0,0,1,0,0,"Yes"
"163",1,0,-0.243907079692405,0,0,0,0,0,1,0,0,"Yes"
"164",0,1,1.41597370357099,0,0,0,0,0,0,1,0,"No"
"165",0,0,-0.0149580061388333,0,0,0,0,0,0,0,0,"Yes"
"166",0,0,-1.67483878940223,0,0,0,0,0,1,0,0,"No"
"167",0,1,1.18702463001742,0,0,0,0,1,0,0,0,"Yes"
"168",0,1,1.3014991667942,0,0,0,0,0,1,0,0,"Yes"
"169",0,1,-1.50312698423705,0,0,0,0,0,0,0,0,"Yes"
"170",0,0,0.213991067414738,0,0,0,0,0,0,0,0,"Yes"
"171",0,1,0.900838288075452,0,0,0,1,0,0,0,0,"Yes"
"172",0,0,1.07255009324063,1,0,0,0,0,1,0,0,"Yes"
"173",0,0,-0.243907079692405,0,0,0,0,0,0,0,0,"Yes"
"174",0,0,0.729126482910274,0,0,0,0,1,0,0,0,"Yes"
"175",0,0,-1.0452288371299,0,0,0,1,0,1,0,0,"Yes"
"176",0,0,-0.644567958411155,0,0,0,0,0,1,0,0,"Yes"
"177",0,0,0.500177409356702,0,0,0,0,0,0,0,0,"Yes"
"178",0,0,-0.75904249518794,0,0,0,0,0,1,0,0,"Yes"
"179",0,0,-0.75904249518794,0,0,0,0,0,1,0,0,"Yes"
"180",1,1,-0.530093421634369,0,0,0,0,0,1,0,0,"Yes"
"181",0,0,0.614651946133488,0,0,0,0,0,1,0,0,"No"
"182",0,0,-1.61760152101383,0,0,0,1,0,1,0,0,"Yes"
"183",0,0,-0.644567958411155,0,0,0,0,0,0,0,0,"Yes"
"184",0,0,-0.0721952745272262,0,0,0,0,0,0,0,0,"Yes"
"185",0,1,-1.78931332617901,0,0,0,1,0,1,0,0,"Yes"
"186",0,0,-0.0149580061388333,0,0,0,0,0,0,0,0,"Yes"
"187",0,0,-0.873517031964726,0,0,0,0,0,0,0,0,"Yes"
"188",0,0,-1.44588971584865,0,0,0,0,0,1,0,0,"Yes"
"189",0,1,-0.35838161646919,0,0,0,0,0,0,0,0,"Yes"
"190",0,1,0.671889214521881,0,0,0,1,0,0,0,0,"Yes"
"191",1,0,-0.75904249518794,0,0,0,0,0,1,0,0,"Yes"
"192",0,0,0.0995165306379524,0,0,0,0,0,1,0,0,"Yes"
"193",0,0,0.0422792622495595,0,0,0,0,0,1,0,0,"Yes"
"194",0,0,1.3587364351826,0,0,0,0,0,1,0,1,"Yes"
"195",0,0,0.0995165306379524,0,0,0,0,0,1,0,0,"Yes"
"196",0,1,0.958075556463845,0,0,0,0,0,0,0,1,"Yes"
"197",1,0,1.75939731390135,0,0,0,0,0,1,0,0,"No"
"198",0,0,0.614651946133488,0,0,0,1,0,1,0,0,"Yes"
"199",0,0,0.500177409356702,0,0,0,0,0,0,0,0,"Yes"
"200",0,1,1.41597370357099,0,0,0,0,1,1,0,0,"Yes"
"201",0,0,-0.186669811304012,0,0,0,0,0,0,0,0,"Yes"
"202",0,0,0.0995165306379524,0,0,0,0,0,1,0,0,"Yes"
"203",0,0,0.786363751298667,0,0,0,0,0,0,0,0,"Yes"
"204",0,0,-0.186669811304012,0,0,0,0,0,1,0,0,"Yes"
"205",0,0,-1.50312698423705,0,0,0,1,0,0,0,0,"No"
"206",0,0,0.442940140968309,0,0,0,0,1,1,0,0,"No"
"207",0,0,1.3014991667942,0,0,0,0,0,0,0,0,"Yes"
"208",0,1,1.41597370357099,0,1,0,0,0,1,0,0,"Yes"
"209",1,1,1.3014991667942,0,0,0,0,0,1,0,0,"Yes"
"210",0,0,-0.816279763576333,0,0,0,0,0,0,0,0,"Yes"
"211",1,1,1.98834638745492,0,0,0,0,0,0,0,0,"Yes"
"212",1,0,-0.35838161646919,0,0,0,0,0,0,0,0,"Yes"
"213",0,0,-1.44588971584865,0,0,0,0,0,0,0,0,"Yes"
"214",0,1,1.47321097195938,0,0,0,0,0,0,1,0,"Yes"
"215",0,0,-0.816279763576333,0,0,0,0,0,1,0,0,"Yes"
"216",0,0,-1.44588971584865,0,0,0,0,0,1,0,0,"Yes"
"217",0,1,1.58768550873617,0,1,0,0,0,1,0,0,"Yes"
"218",1,0,-1.56036425262544,0,0,0,0,0,0,0,0,"Yes"
"219",0,1,1.93110911906652,0,1,0,0,0,1,0,0,"Yes"
"220",0,0,0.271228335803131,0,0,0,0,0,1,0,0,"Yes"
"221",0,0,-1.67483878940223,0,0,0,0,0,1,0,1,"No"
"222",0,0,-1.50312698423705,0,0,0,0,0,1,0,0,"Yes"
"223",0,0,1.53044824034777,0,0,0,0,0,1,0,1,"Yes"
"224",0,0,-0.301144348080798,0,0,0,0,0,1,0,0,"Yes"
"225",0,1,2.04558365584331,0,1,0,0,0,1,0,0,"Yes"
"226",0,0,0.156753799026345,1,0,0,0,0,0,0,0,"Yes"
"227",0,0,-0.816279763576333,0,0,0,0,0,1,0,0,"Yes"
"228",0,0,-1.21694064229508,0,0,0,0,0,1,0,0,"Yes"
"229",0,0,-0.35838161646919,0,0,0,0,0,1,0,0,"Yes"
"230",0,0,-0.0721952745272262,0,0,0,0,0,0,0,0,"Yes"
"231",0,0,-0.873517031964726,0,0,0,0,0,0,0,0,"Yes"
"232",0,1,0.0995165306379524,0,1,0,0,0,0,0,0,"No"
"233",0,0,1.47321097195938,0,0,0,0,0,0,0,1,"Yes"
"234",0,0,-0.987991568741512,0,0,0,0,0,0,0,0,"No"
"235",0,0,-1.78931332617901,0,0,0,0,0,0,0,0,"Yes"
"236",0,1,1.24426189840581,0,0,0,0,1,1,0,0,"Yes"
"237",0,0,-1.21694064229508,0,0,0,0,0,1,0,0,"Yes"
"238",0,0,0.557414677745095,1,0,0,0,0,1,0,0,"Yes"
"239",0,1,1.24426189840581,0,0,0,0,0,1,0,0,"Yes"
"240",0,0,-0.243907079692405,0,0,0,0,1,1,0,0,"Yes"
"241",0,0,-1.78931332617901,0,0,0,0,0,0,0,0,"Yes"
"242",0,0,0.786363751298667,0,0,0,0,0,1,0,0,"Yes"
"243",0,0,1.07255009324063,0,0,0,1,0,1,0,0,"Yes"
"244",0,0,-0.186669811304012,0,0,0,0,0,0,0,0,"Yes"
"245",0,0,-0.530093421634369,1,0,0,0,0,0,0,0,"No"
"246",0,0,-0.186669811304012,0,0,0,0,0,1,0,1,"No"
"247",1,0,0.786363751298667,0,0,0,0,0,1,0,0,"Yes"
"248",0,0,1.01531282485224,0,0,0,0,0,0,0,0,"Yes"
"249",0,0,-0.243907079692405,0,0,0,0,0,1,0,0,"Yes"
"250",0,0,-1.0452288371299,0,0,0,0,0,1,0,0,"Yes"
"251",0,0,-1.78931332617901,0,0,0,0,0,0,0,0,"Yes"
"252",0,0,0.729126482910274,0,0,0,0,0,1,0,0,"Yes"
"253",0,0,-0.472856153245976,0,0,0,0,0,1,0,1,"No"
"254",0,0,1.47321097195938,0,0,0,0,1,1,0,0,"Yes"
"255",0,1,-1.78931332617901,0,0,0,0,0,0,0,0,"Yes"
"256",0,0,0.328465604191524,0,0,0,0,0,0,0,0,"Yes"
"257",0,0,-1.56036425262544,0,0,0,0,0,1,1,0,"Yes"
"258",0,1,-0.873517031964726,1,0,0,0,0,0,0,0,"No"
"259",0,0,-1.56036425262544,0,0,0,0,0,1,0,0,"Yes"
"260",0,0,-0.587330690022762,0,0,0,0,0,0,0,0,"Yes"
"261",1,0,1.70216004551295,0,0,0,0,0,0,0,0,"Yes"
"262",0,0,0.156753799026345,0,0,0,0,0,0,0,0,"Yes"
"263",0,0,0.271228335803131,1,0,0,0,0,0,0,0,"No"
"264",0,0,0.0422792622495595,0,0,0,0,0,1,0,0,"Yes"
"265",0,0,-1.15970337390669,0,0,0,0,0,1,0,0,"Yes"
"266",1,0,0.729126482910274,0,0,0,0,0,0,0,0,"Yes"
"267",0,1,-1.33141517907187,1,0,0,0,0,0,0,0,"No"
"268",0,0,0.328465604191524,1,0,0,0,0,0,0,0,"No"
"269",0,0,0.385702872579917,0,0,0,0,0,1,0,1,"Yes"
"270",0,0,0.729126482910274,1,0,0,0,0,0,0,0,"Yes"
"271",0,0,-1.33141517907187,0,0,0,0,0,1,0,0,"Yes"
"272",0,0,1.53044824034777,0,0,0,0,0,0,0,0,"Yes"
"273",0,0,-0.987991568741512,0,0,0,0,0,1,1,0,"Yes"
"274",0,0,-0.129432542915619,0,0,0,0,0,1,0,0,"Yes"
"275",0,0,1.18702463001742,0,0,0,0,0,0,0,0,"Yes"
"276",0,0,0.557414677745095,0,0,0,0,0,1,0,0,"Yes"
"277",0,1,0.271228335803131,0,0,0,0,0,0,0,0,"Yes"
"278",0,0,-0.0721952745272262,0,0,0,0,0,1,0,0,"Yes"
"279",0,0,-1.50312698423705,0,0,0,0,0,1,0,1,"Yes"
"280",0,0,-1.44588971584865,0,1,0,0,0,0,0,0,"No"
"281",0,1,1.24426189840581,0,0,0,0,0,0,0,0,"Yes"
"282",0,0,-0.0721952745272262,0,0,0,0,0,0,0,1,"No"
"283",0,0,0.786363751298667,0,0,0,0,0,0,0,0,"Yes"
"284",0,0,0.385702872579917,0,0,0,0,0,1,0,1,"Yes"
"285",0,0,-0.35838161646919,0,0,0,0,0,1,0,0,"Yes"
"286",0,0,-0.644567958411155,0,0,0,0,0,0,0,0,"Yes"
"287",0,0,-1.33141517907187,0,0,0,0,0,0,0,1,"No"
"288",1,1,1.3014991667942,0,0,0,0,0,1,0,0,"No"
"289",0,0,-1.38865244746026,0,0,0,0,0,1,0,0,"Yes"
"290",0,0,0.557414677745095,1,0,0,0,0,0,0,0,"Yes"
"291",0,1,-0.186669811304012,0,1,0,0,0,0,0,0,"Yes"
"292",1,1,0.557414677745095,0,0,0,0,0,1,0,0,"No"
"293",0,0,-1.1024661055183,0,0,0,0,0,0,0,0,"Yes"
"294",0,0,-0.186669811304012,0,0,0,0,0,1,0,0,"Yes"
"295",0,0,0.156753799026345,0,0,0,0,0,0,0,0,"Yes"
"296",0,0,-0.930754300353119,1,0,0,0,0,0,0,0,"Yes"
"297",0,0,0.843601019687059,0,0,0,0,0,0,0,0,"Yes"
"298",0,0,1.12978736162902,0,1,0,0,0,1,0,0,"No"
"299",0,0,1.47321097195938,0,0,0,1,0,1,0,0,"Yes"
"300",0,0,0.843601019687059,0,0,0,0,0,1,0,0,"Yes"
"301",0,0,-0.415618884857583,0,0,0,0,0,1,0,0,"No"
"302",0,0,-1.73207605779062,0,0,0,0,0,0,0,0,"Yes"
"303",0,0,-0.186669811304012,0,0,0,0,0,1,0,0,"Yes"
"304",0,1,-1.21694064229508,0,0,0,0,0,1,0,0,"Yes"
"305",0,0,-0.530093421634369,0,0,0,0,0,0,0,0,"Yes"
"306",0,0,0.500177409356702,0,0,0,0,0,1,0,0,"Yes"
"307",0,1,1.87387185067813,0,0,0,0,0,0,0,0,"No"
"308",0,0,-0.587330690022762,0,0,0,0,0,1,0,1,"Yes"
"309",0,0,-0.472856153245976,0,0,0,0,0,1,0,0,"No"
"310",0,0,0.385702872579917,0,0,0,0,0,0,0,0,"Yes"
"311",1,0,-0.243907079692405,0,0,0,0,0,1,0,0,"Yes"
"312",0,1,0.614651946133488,0,0,0,0,1,1,0,0,"No"
"313",1,0,0.614651946133488,0,0,0,0,0,0,0,0,"Yes"
"314",0,1,1.58768550873617,0,1,0,0,0,1,0,0,"Yes"
"315",0,0,-0.816279763576333,0,0,0,0,0,0,0,0,"Yes"
"316",0,1,1.41597370357099,0,0,0,0,0,1,0,0,"Yes"
"317",0,0,1.41597370357099,1,0,0,0,0,1,0,0,"Yes"
"318",0,0,0.213991067414738,0,0,0,0,0,1,0,0,"Yes"
"319",0,0,0.671889214521881,0,0,0,0,0,1,0,1,"Yes"
"320",0,0,1.75939731390135,0,1,0,0,0,1,0,0,"Yes"
"321",0,0,-1.33141517907187,0,0,0,1,0,1,0,0,"Yes"
"322",0,0,-0.472856153245976,0,0,0,0,0,1,0,0,"Yes"
"323",0,0,-0.129432542915619,0,0,0,0,0,0,0,0,"No"
"324",0,0,0.557414677745095,1,0,0,0,0,1,0,0,"Yes"
"325",0,1,0.900838288075452,0,0,0,0,1,1,0,0,"Yes"
"326",0,0,0.385702872579917,0,0,0,0,0,0,0,0,"Yes"
"327",0,0,0.557414677745095,0,0,0,0,0,1,0,0,"Yes"
"328",0,1,1.07255009324063,0,1,0,0,0,1,0,0,"Yes"
"329",0,0,-0.35838161646919,0,0,0,0,0,1,0,0,"Yes"
"330",0,0,-1.1024661055183,1,0,0,0,0,1,0,0,"Yes"
"331",0,0,0.729126482910274,0,0,0,0,0,0,0,0,"Yes"
"332",0,0,-1.21694064229508,0,0,0,0,0,1,0,1,"Yes"
"333",0,0,-0.873517031964726,0,0,0,0,0,0,0,0,"No"
"334",0,0,0.729126482910274,0,0,0,0,0,1,0,1,"Yes"
"335",0,0,0.213991067414738,0,0,0,0,0,1,0,0,"Yes"
"336",0,0,-0.472856153245976,0,0,0,0,0,1,0,0,"No"
"337",0,0,0.729126482910274,0,0,0,0,0,1,0,0,"Yes"
"338",1,0,0.843601019687059,0,0,0,0,0,0,0,0,"Yes"
"339",0,0,-1.50312698423705,0,0,0,0,0,1,0,1,"Yes"
"340",0,0,0.271228335803131,0,0,0,0,0,0,0,0,"Yes"
"341",0,0,-0.0149580061388333,0,0,0,0,0,1,0,0,"Yes"
"342",0,0,-0.0721952745272262,0,0,0,0,0,1,0,0,"Yes"
"343",0,0,0.213991067414738,0,0,0,0,0,1,0,0,"Yes"
"344",0,0,0.328465604191524,0,0,0,0,0,1,0,0,"Yes"
"345",0,0,-0.0149580061388333,0,0,0,0,0,1,0,0,"Yes"
"346",0,1,0.213991067414738,0,0,0,0,0,1,0,0,"Yes"
"347",0,0,-1.38865244746026,0,0,0,0,0,0,0,0,"Yes"
"348",0,0,1.3014991667942,0,0,0,0,0,1,0,0,"No"
"349",0,1,1.87387185067813,0,1,0,0,0,0,0,0,"No"
"350",0,0,-0.301144348080798,1,0,0,0,0,1,0,0,"Yes"
"351",0,0,2.04558365584331,0,0,0,1,0,1,0,0,"Yes"
"352",0,0,-0.301144348080798,0,0,0,0,0,0,0,0,"Yes"
"353",0,0,-0.301144348080798,0,0,0,0,0,1,0,0,"Yes"
"354",0,0,0.843601019687059,0,0,0,0,0,0,0,0,"Yes"
"355",0,0,1.24426189840581,0,0,0,0,0,0,0,0,"Yes"
"356",0,0,-1.0452288371299,0,0,0,0,0,0,0,0,"No"
"357",0,0,-1.73207605779062,0,0,0,0,0,0,0,0,"Yes"
"358",0,0,-0.873517031964726,0,0,0,0,0,1,0,0,"Yes"
"359",0,0,-1.21694064229508,0,0,0,0,0,1,0,0,"Yes"
"360",0,0,1.3587364351826,0,0,0,1,0,1,0,0,"No"
"361",0,0,1.3014991667942,0,0,0,0,0,0,0,1,"Yes"
"362",0,1,0.213991067414738,0,0,0,0,0,1,0,0,"Yes"
"363",0,0,-0.186669811304012,0,0,0,0,0,1,0,0,"Yes"
"364",0,0,0.786363751298667,0,0,0,0,0,0,0,0,"Yes"
"365",0,0,0.213991067414738,0,0,0,0,0,1,0,0,"Yes"
"366",0,0,-1.61760152101383,0,0,0,0,0,0,0,0,"Yes"
"367",0,0,2.04558365584331,0,0,0,0,0,1,0,0,"Yes"
"368",0,1,0.557414677745095,0,0,0,0,1,0,0,0,"Yes"
"369",0,0,0.900838288075452,0,0,0,0,0,0,0,0,"Yes"
"370",0,0,0.271228335803131,0,0,0,0,0,1,0,0,"Yes"
"371",0,0,-1.33141517907187,0,0,0,0,0,1,0,0,"Yes"
"372",0,0,0.729126482910274,1,0,0,0,0,1,0,0,"Yes"
"373",0,0,-0.243907079692405,1,0,0,0,0,1,0,0,"Yes"
"374",0,0,-0.35838161646919,0,0,0,0,0,0,0,0,"Yes"
"375",0,0,-0.873517031964726,0,0,0,0,0,0,0,0,"Yes"
"376",0,1,1.64492277712456,0,0,0,0,0,1,1,0,"Yes"
"377",1,0,0.0995165306379524,0,0,0,0,0,1,0,0,"Yes"
"378",0,0,0.500177409356702,0,0,0,0,0,1,0,0,"Yes"
"379",0,0,1.41597370357099,0,0,0,1,0,1,0,0,"Yes"
"380",0,0,-1.73207605779062,0,0,0,0,1,1,0,0,"No"
"381",0,0,1.47321097195938,0,0,0,0,0,0,0,0,"No"
"382",0,0,-1.21694064229508,0,0,0,0,0,0,0,0,"No"
"383",0,0,1.07255009324063,0,0,0,0,0,0,0,0,"Yes"
"384",0,0,0.729126482910274,0,0,0,0,0,1,0,1,"No"
"385",0,0,1.12978736162902,0,0,0,0,0,0,0,1,"No"
"386",0,0,-1.15970337390669,0,0,0,0,0,1,0,0,"Yes"
"387",0,1,0.328465604191524,0,0,0,0,1,0,0,0,"No"
"388",0,0,0.786363751298667,0,0,0,0,0,0,0,0,"Yes"
"389",0,0,-1.27417791068348,0,0,0,0,0,0,0,0,"Yes"
"390",0,1,1.64492277712456,0,0,0,0,1,1,0,0,"No"
"391",0,0,-1.73207605779062,0,0,0,1,0,0,0,0,"Yes"
"392",0,0,0.671889214521881,0,0,0,0,0,0,0,0,"Yes"
"393",0,0,-0.701805226799547,0,0,0,0,0,1,0,0,"Yes"
"394",0,0,1.01531282485224,0,0,0,1,0,1,0,0,"Yes"
"395",0,0,0.213991067414738,0,0,0,0,0,1,0,0,"Yes"
"396",0,1,-1.0452288371299,0,0,0,0,0,0,0,0,"Yes"
"397",0,0,-0.587330690022762,0,0,0,0,0,1,0,0,"Yes"
"398",0,0,-1.73207605779062,0,0,0,0,0,1,0,0,"Yes"
"399",0,1,2.04558365584331,0,0,0,0,0,1,0,0,"Yes"
"400",0,0,0.0995165306379524,0,0,0,0,0,0,0,0,"Yes"
"401",0,0,-1.56036425262544,0,1,0,0,0,0,0,0,"Yes"
"402",0,0,-1.33141517907187,0,0,0,0,0,0,0,0,"No"
"403",0,0,-0.0149580061388333,0,0,0,0,0,0,0,0,"Yes"
"404",0,1,0.614651946133488,0,1,0,0,0,1,0,0,"Yes"
"405",0,0,-0.0721952745272262,0,0,0,0,0,0,0,0,"Yes"
"406",0,0,-0.701805226799547,0,0,0,0,0,1,0,0,"Yes"
"407",0,0,0.213991067414738,0,0,0,0,0,1,1,0,"Yes"
"408",0,0,1.87387185067813,0,0,0,0,1,0,0,0,"Yes"
"409",0,0,-0.415618884857583,0,0,0,0,0,0,0,0,"No"
"410",0,0,0.271228335803131,0,0,0,0,0,0,1,0,"Yes"
"411",0,0,-1.1024661055183,0,0,0,0,0,0,0,0,"Yes"
"412",0,0,-1.38865244746026,1,0,0,0,0,1,0,0,"Yes"
"413",0,1,-1.50312698423705,0,0,0,0,0,0,1,0,"No"
"414",0,0,0.729126482910274,0,0,0,0,0,0,0,0,"Yes"
"415",0,1,2.04558365584331,0,0,0,0,0,1,0,0,"Yes"
"416",0,0,-0.0149580061388333,0,0,0,0,0,1,0,0,"Yes"
"417",0,0,-1.0452288371299,0,0,0,0,1,0,0,0,"Yes"
"418",0,0,0.786363751298667,1,0,0,0,0,1,0,0,"Yes"
"419",0,0,0.0422792622495595,0,0,0,0,0,1,0,0,"Yes"
"420",0,0,-0.587330690022762,0,0,0,0,0,0,0,0,"Yes"
"421",0,0,0.328465604191524,0,0,0,0,0,1,0,0,"Yes"
"422",0,0,0.843601019687059,0,0,0,0,1,1,0,0,"Yes"
"423",0,0,0.271228335803131,0,0,0,0,0,1,0,0,"No"
"424",0,0,-0.129432542915619,0,0,0,1,0,1,0,0,"Yes"
"425",0,0,0.671889214521881,0,0,0,0,0,0,0,0,"Yes"
"426",0,1,1.64492277712456,0,0,0,0,0,1,0,0,"Yes"
"427",0,1,2.04558365584331,0,1,0,0,0,1,0,0,"No"
"428",0,0,0.442940140968309,0,0,0,0,0,0,0,0,"Yes"
"429",0,0,-0.129432542915619,0,0,0,0,0,1,0,1,"Yes"
"430",0,0,-0.530093421634369,0,0,0,0,0,0,0,0,"Yes"
"431",0,0,-0.0721952745272262,0,0,0,0,0,1,0,0,"No"
"432",0,0,-1.33141517907187,0,0,0,0,0,1,0,0,"Yes"
"433",0,1,0.958075556463845,0,0,0,0,1,1,0,0,"Yes"
"434",0,0,0.500177409356702,0,0,0,0,0,0,0,1,"No"
"435",0,0,1.47321097195938,0,0,0,0,1,0,0,0,"Yes"
"436",0,0,-1.56036425262544,0,1,0,0,0,0,0,0,"Yes"
"437",0,0,-0.987991568741512,0,0,0,0,0,1,0,0,"Yes"
"438",0,0,-1.15970337390669,0,0,0,0,0,0,0,0,"Yes"
"439",0,0,0.271228335803131,0,0,0,0,0,1,0,0,"Yes"
"440",0,0,0.0995165306379524,0,0,0,0,0,1,0,0,"Yes"
"441",0,0,0.442940140968309,0,0,0,0,0,0,0,0,"Yes"
"442",0,0,-1.38865244746026,0,0,0,0,0,0,0,0,"Yes"
"443",0,0,-0.0721952745272262,0,0,0,0,0,1,0,0,"Yes"
"444",0,0,1.41597370357099,0,0,0,0,0,1,0,0,"No"
"445",0,0,0.385702872579917,0,0,0,0,0,1,0,0,"Yes"
"446",0,0,-1.1024661055183,0,0,0,0,0,1,0,0,"No"
"447",0,1,-0.129432542915619,0,0,0,0,0,0,1,0,"Yes"
"448",0,0,-1.27417791068348,0,0,0,0,0,1,0,0,"Yes"
"449",1,0,1.81663458228974,0,0,0,0,0,1,0,0,"Yes"
"450",0,0,0.958075556463845,0,1,0,0,0,1,0,0,"Yes"
"451",0,0,0.442940140968309,0,0,0,0,0,0,0,0,"Yes"
"452",0,0,-0.0149580061388333,1,0,0,0,0,0,0,0,"Yes"
"453",1,1,0.729126482910274,0,0,0,0,0,1,0,0,"Yes"
"454",0,0,-0.701805226799547,0,0,0,0,0,1,0,1,"No"
"455",0,0,-1.61760152101383,0,0,0,0,0,1,0,0,"No"
"456",0,0,-1.0452288371299,0,0,0,0,0,1,0,0,"No"
"457",0,0,-1.38865244746026,1,0,0,0,0,1,0,0,"Yes"
"458",0,0,-0.35838161646919,0,0,0,0,0,0,0,0,"Yes"
"459",0,0,-0.0149580061388333,0,0,0,0,0,1,0,0,"Yes"
"460",0,0,-0.587330690022762,0,0,0,0,0,1,0,0,"Yes"
"461",0,0,0.328465604191524,0,0,0,0,0,1,0,0,"Yes"
"462",0,0,-1.38865244746026,0,0,0,1,0,0,0,0,"Yes"
"463",0,0,-1.21694064229508,0,0,0,0,0,0,0,1,"Yes"
"464",0,0,-1.33141517907187,0,0,0,0,0,1,0,0,"No"
"465",0,1,0.385702872579917,0,0,0,1,0,1,0,0,"Yes"
"466",0,1,1.64492277712456,0,0,0,0,0,1,0,0,"Yes"
"467",0,0,-0.186669811304012,0,0,0,0,0,0,0,0,"Yes"
"468",0,0,0.500177409356702,0,0,0,0,0,0,0,0,"Yes"
"469",0,0,-1.67483878940223,0,0,0,0,0,1,0,0,"No"
"470",0,0,-0.530093421634369,0,0,0,0,0,1,0,0,"Yes"
"471",0,0,-1.78931332617901,0,0,0,0,0,1,0,0,"Yes"
"472",0,0,-0.35838161646919,0,0,0,0,0,0,0,0,"No"
"473",0,0,-0.35838161646919,0,0,0,0,0,1,0,0,"Yes"
"474",0,0,-0.701805226799547,0,0,0,0,0,1,0,0,"Yes"
"475",0,0,-1.15970337390669,0,0,0,0,0,0,0,0,"Yes"
"476",0,0,-0.701805226799547,0,0,0,0,0,0,0,0,"Yes"
"477",0,0,1.01531282485224,0,0,0,0,0,0,0,1,"Yes"
"478",0,1,0.0995165306379524,0,0,0,0,1,1,0,0,"No"
"479",0,0,-0.243907079692405,0,0,0,0,0,1,0,0,"Yes"
"480",0,0,1.3587364351826,0,0,0,0,0,1,0,0,"No"
"481",0,0,-0.0149580061388333,0,0,0,0,0,1,0,0,"Yes"
"482",0,1,2.04558365584331,1,0,0,0,0,1,0,0,"Yes"
"483",0,0,-0.301144348080798,0,0,0,0,0,1,0,0,"Yes"
"484",0,0,0.729126482910274,0,0,0,0,0,1,0,0,"Yes"
"485",0,0,-1.67483878940223,0,0,0,0,0,1,1,0,"No"
"486",0,0,-0.301144348080798,0,0,0,0,0,1,0,0,"No"
"487",0,0,-1.38865244746026,0,0,0,0,0,0,0,0,"Yes"
"488",0,0,-1.38865244746026,1,0,0,0,0,1,0,0,"No"
"489",0,0,-1.0452288371299,0,0,0,0,0,1,1,0,"No"
"490",0,0,1.53044824034777,0,0,0,0,0,1,0,1,"Yes"
"491",0,0,0.0422792622495595,0,0,0,0,0,0,0,0,"Yes"
"492",0,0,0.213991067414738,0,0,0,0,0,0,0,0,"Yes"
"493",1,0,0.557414677745095,0,0,0,0,0,1,0,0,"Yes"
"494",0,1,-1.67483878940223,0,0,0,0,0,0,0,0,"No"
"495",0,0,-1.21694064229508,0,0,0,0,0,1,0,1,"Yes"
"496",0,0,0.271228335803131,0,0,0,0,0,1,0,0,"Yes"
"497",0,0,-0.930754300353119,0,0,0,0,0,0,0,0,"No"
"498",0,1,0.958075556463845,0,0,0,0,1,0,0,0,"Yes"
"499",0,0,-0.472856153245976,0,0,0,0,0,0,0,0,"Yes"
"500",0,0,-1.15970337390669,0,0,0,0,0,0,0,0,"Yes"
"501",1,0,-0.987991568741512,0,0,1,0,0,0,0,0,"Yes"
"502",0,0,0.271228335803131,0,0,1,0,0,1,0,0,"Yes"
"503",0,0,-0.587330690022762,0,0,1,0,0,1,0,0,"Yes"
"504",0,0,-1.15970337390669,0,0,1,0,0,0,0,0,"Yes"
"505",0,0,-0.644567958411155,0,0,1,0,0,0,0,0,"Yes"
"506",0,0,1.41597370357099,0,0,1,0,0,0,0,0,"Yes"
"507",0,0,1.07255009324063,0,0,1,0,0,1,0,0,"Yes"
"508",0,1,-1.15970337390669,0,0,1,0,0,1,1,0,"Yes"
"509",0,0,-0.35838161646919,0,0,1,0,0,1,0,0,"Yes"
"510",0,0,-1.15970337390669,0,0,1,0,0,1,0,0,"Yes"
"511",0,0,-0.930754300353119,0,0,1,0,0,1,0,0,"Yes"
"512",0,0,-1.21694064229508,0,0,1,0,0,0,0,0,"Yes"
"513",0,1,1.3014991667942,0,0,1,1,0,1,0,0,"Yes"
"514",0,0,-1.56036425262544,0,0,1,0,0,1,0,0,"Yes"
"515",0,0,-0.930754300353119,0,0,1,0,1,1,0,0,"Yes"
"516",0,0,0.0422792622495595,0,0,1,0,0,1,0,1,"Yes"
"517",1,1,1.98834638745492,0,0,1,0,0,1,0,0,"Yes"
"518",0,0,0.958075556463845,0,0,1,0,0,1,0,0,"No"
"519",0,0,0.328465604191524,0,0,1,0,0,1,0,0,"Yes"
"520",0,1,-0.472856153245976,0,0,1,0,0,0,0,1,"Yes"
"521",0,0,0.557414677745095,0,0,1,0,0,1,0,0,"Yes"
"522",0,0,1.47321097195938,0,0,1,0,0,1,0,0,"Yes"
"523",0,0,-0.35838161646919,1,0,1,0,0,0,0,0,"Yes"
"524",0,0,-0.587330690022762,0,0,1,0,0,1,0,0,"Yes"
"525",1,0,-0.873517031964726,0,0,1,0,0,1,0,0,"Yes"
"526",0,1,2.04558365584331,0,0,1,1,0,0,0,0,"No"
"527",0,0,-1.0452288371299,0,0,1,0,0,0,0,0,"Yes"
"528",0,0,-0.644567958411155,0,0,1,0,0,1,0,0,"Yes"
"529",0,0,-1.0452288371299,0,0,1,0,0,1,0,0,"Yes"
"530",0,0,1.53044824034777,0,0,1,0,0,0,0,0,"Yes"
"531",0,1,0.786363751298667,0,0,1,1,0,1,0,0,"Yes"
"532",0,0,-1.67483878940223,0,0,1,0,0,1,0,0,"Yes"
"533",0,0,-1.38865244746026,0,0,1,0,0,1,0,0,"No"
"534",0,0,0.900838288075452,0,0,1,1,0,1,0,0,"No"
"535",0,0,-1.61760152101383,0,0,1,0,0,0,0,0,"Yes"
"536",0,0,-0.75904249518794,0,0,1,0,0,0,0,0,"Yes"
"537",0,1,1.18702463001742,0,0,1,1,0,0,0,0,"No"
"538",0,0,0.900838288075452,0,0,1,0,0,1,0,0,"Yes"
"539",0,1,0.328465604191524,0,0,1,0,0,1,0,0,"Yes"
"540",0,0,-0.243907079692405,0,0,1,0,0,1,0,0,"Yes"
"541",1,0,-1.38865244746026,0,0,1,0,0,0,0,0,"No"
"542",0,0,-0.186669811304012,0,0,1,0,0,0,0,1,"Yes"
"543",0,0,-1.33141517907187,0,0,1,0,1,0,0,0,"Yes"
"544",0,0,-0.644567958411155,0,0,1,0,0,1,0,0,"Yes"
"545",0,0,-0.530093421634369,0,0,1,0,0,0,0,0,"Yes"
"546",0,0,-0.816279763576333,0,0,1,0,0,1,0,0,"No"
"547",0,0,0.156753799026345,0,0,1,0,0,1,0,0,"Yes"
"548",0,0,-0.472856153245976,0,0,1,0,0,1,0,0,"Yes"
"549",0,0,1.07255009324063,1,0,1,0,0,0,0,0,"Yes"
"550",0,0,0.843601019687059,0,0,1,0,0,1,0,0,"Yes"
"551",0,0,-0.530093421634369,0,0,1,0,0,1,0,0,"Yes"
"552",0,0,2.04558365584331,0,0,1,0,0,1,0,0,"No"
"553",0,0,-0.129432542915619,0,0,1,0,0,0,0,0,"Yes"
"554",0,0,0.614651946133488,1,0,1,0,0,1,0,0,"Yes"
"555",0,0,0.385702872579917,0,0,1,0,0,0,0,0,"Yes"
"556",0,0,1.01531282485224,0,0,1,0,0,1,0,0,"Yes"
"557",0,0,-1.78931332617901,0,0,1,0,0,0,0,0,"Yes"
"558",0,0,0.729126482910274,0,0,1,1,0,1,0,0,"Yes"
"559",0,0,1.3014991667942,0,0,1,0,0,1,0,0,"Yes"
"560",0,0,1.81663458228974,1,0,1,0,0,0,0,0,"Yes"
"561",0,0,0.156753799026345,0,0,1,0,0,0,0,0,"Yes"
"562",0,1,1.12978736162902,0,0,1,0,0,1,0,0,"Yes"
"563",0,0,-0.873517031964726,0,0,1,0,0,1,0,0,"Yes"
"564",0,0,-0.987991568741512,0,0,1,0,0,1,0,0,"Yes"
"565",0,0,0.557414677745095,0,0,1,0,0,1,0,0,"Yes"
"566",0,0,0.557414677745095,0,0,1,0,0,1,0,0,"Yes"
"567",0,0,-0.0149580061388333,0,0,1,0,0,0,0,0,"Yes"
"568",0,0,-1.61760152101383,0,0,1,0,0,1,0,0,"Yes"
"569",0,0,0.385702872579917,0,0,1,0,0,0,0,0,"Yes"
"570",0,0,0.843601019687059,0,0,1,0,0,0,0,0,"No"
"571",0,0,-0.301144348080798,0,0,1,0,0,1,0,0,"Yes"
"572",0,0,1.3014991667942,0,0,1,0,0,0,0,0,"Yes"
"573",0,0,-0.0721952745272262,0,0,1,0,0,0,0,0,"No"
"574",0,0,-0.129432542915619,0,0,1,0,0,0,0,0,"No"
"575",0,0,-0.0721952745272262,0,0,1,0,0,1,0,0,"Yes"
"576",0,0,0.0995165306379524,0,0,1,0,0,0,0,0,"Yes"
"577",0,0,-0.75904249518794,0,0,1,0,0,1,0,0,"Yes"
"578",0,0,-0.0721952745272262,0,0,1,0,0,0,0,0,"Yes"
"579",0,0,-0.0721952745272262,0,0,1,0,0,1,0,0,"Yes"
"580",0,0,-0.873517031964726,0,0,1,0,0,1,0,0,"Yes"
"581",0,0,-0.0721952745272262,0,0,1,0,0,1,0,0,"Yes"
"582",0,0,-1.21694064229508,0,0,1,0,0,0,0,0,"Yes"
"583",0,0,-0.243907079692405,0,0,1,0,0,1,0,0,"Yes"
"584",0,0,1.58768550873617,0,0,1,0,0,0,0,0,"Yes"
"585",0,0,-0.644567958411155,0,0,1,0,0,0,0,0,"Yes"
"586",0,0,1.41597370357099,0,0,1,0,0,1,0,0,"Yes"
"587",0,0,-0.472856153245976,0,0,1,0,0,0,0,0,"Yes"
"588",0,0,0.385702872579917,0,0,1,0,0,1,0,0,"Yes"
"589",0,0,-0.0721952745272262,0,0,1,0,0,1,0,0,"Yes"
"590",0,0,-0.816279763576333,0,0,1,0,0,0,0,0,"Yes"
"591",0,0,-0.644567958411155,0,0,1,0,0,0,0,0,"Yes"
"592",0,0,-1.67483878940223,0,0,1,0,0,1,0,0,"Yes"
"593",0,0,1.12978736162902,1,0,1,0,0,0,0,0,"Yes"
"594",0,0,-0.472856153245976,0,0,1,0,0,1,0,0,"Yes"
"595",0,0,0.900838288075452,0,0,1,0,0,0,0,0,"Yes"
"596",0,0,1.07255009324063,0,0,1,0,0,1,0,0,"Yes"
"597",0,1,0.442940140968309,0,0,1,0,0,1,0,0,"Yes"
"598",0,0,-1.67483878940223,0,1,1,0,0,0,0,0,"Yes"
"599",0,0,-1.1024661055183,0,0,1,0,0,1,0,0,"Yes"
"600",0,1,0.900838288075452,0,1,1,0,0,1,0,0,"Yes"
"601",0,0,-0.0721952745272262,0,0,1,0,0,0,0,0,"Yes"
"602",0,1,1.3014991667942,0,0,1,0,1,0,0,0,"No"
"603",0,0,1.24426189840581,0,0,1,0,0,1,0,0,"Yes"
"604",0,0,0.328465604191524,0,1,1,0,0,1,0,0,"Yes"
"605",0,0,-0.75904249518794,0,0,1,0,0,0,0,0,"Yes"
"606",0,0,0.614651946133488,1,0,1,0,0,1,0,0,"Yes"
"607",0,0,-0.35838161646919,0,0,1,0,0,1,0,0,"Yes"
"608",0,0,-1.67483878940223,0,0,1,0,0,1,0,0,"Yes"
"609",0,0,1.75939731390135,1,0,1,0,0,0,0,0,"Yes"
"610",0,0,1.3014991667942,0,0,1,0,0,0,0,0,"Yes"
"611",0,0,-0.301144348080798,0,0,1,0,0,1,0,0,"Yes"
"612",0,0,-1.73207605779062,0,0,1,0,0,0,0,0,"Yes"
"613",0,1,1.3014991667942,0,1,1,0,0,0,0,0,"Yes"
"614",0,0,-0.0149580061388333,0,0,1,0,0,1,0,0,"Yes"
"615",0,0,1.24426189840581,0,0,1,0,0,0,0,0,"Yes"
"616",0,0,0.271228335803131,0,0,1,0,0,0,0,0,"Yes"
"617",0,0,0.213991067414738,0,0,1,0,0,1,0,0,"Yes"
"618",0,1,1.70216004551295,0,0,1,0,0,0,0,0,"No"
"619",0,0,-0.0149580061388333,0,0,1,0,0,1,0,0,"Yes"
"620",0,0,0.729126482910274,1,0,1,0,0,0,0,0,"Yes"
"621",0,0,1.3014991667942,0,0,1,0,0,1,0,0,"Yes"
"622",0,0,-0.0149580061388333,0,0,1,0,0,0,0,0,"Yes"
"623",0,1,1.98834638745492,0,0,1,1,0,1,0,0,"No"
"624",0,0,-0.701805226799547,0,0,1,0,0,0,0,0,"No"
"625",0,0,-0.301144348080798,0,0,1,0,0,0,0,0,"Yes"
"626",0,1,1.12978736162902,0,0,1,0,0,1,1,0,"Yes"
"627",0,0,-1.15970337390669,0,0,1,0,0,0,0,0,"Yes"
"628",0,0,1.24426189840581,0,0,1,0,0,0,0,0,"Yes"
"629",0,0,0.900838288075452,0,0,1,0,0,1,0,1,"Yes"
"630",0,0,1.01531282485224,1,0,1,0,0,1,0,0,"Yes"
"631",0,0,-0.75904249518794,0,0,1,0,0,1,0,0,"Yes"
"632",0,0,0.614651946133488,0,0,1,0,0,1,0,0,"Yes"
"633",0,0,-1.73207605779062,0,0,1,0,0,0,1,0,"No"
"634",0,0,-1.1024661055183,0,0,1,0,0,0,0,0,"Yes"
"635",0,0,-0.75904249518794,0,0,1,0,0,0,0,0,"Yes"
"636",0,0,0.385702872579917,0,0,1,0,0,0,0,0,"Yes"
"637",0,0,-0.530093421634369,0,0,1,0,0,1,0,0,"Yes"
"638",0,0,-0.129432542915619,0,0,1,0,0,1,0,0,"No"
"639",0,0,-0.816279763576333,0,0,1,0,0,0,0,0,"Yes"
"640",1,1,-1.27417791068348,0,0,1,0,0,1,0,0,"Yes"
"641",0,0,0.786363751298667,0,0,1,0,0,1,1,0,"Yes"
"642",1,0,-1.56036425262544,0,0,1,0,0,0,0,0,"Yes"
"643",0,0,-1.78931332617901,0,0,1,0,0,1,0,0,"Yes"
"644",0,0,0.385702872579917,0,0,1,0,0,0,0,0,"Yes"
"645",0,0,-0.930754300353119,0,0,1,0,0,1,0,1,"Yes"
"646",0,0,-0.873517031964726,0,0,1,0,0,0,0,0,"Yes"
"647",0,0,-0.0149580061388333,0,0,1,0,0,0,0,0,"No"
"648",0,0,1.53044824034777,0,0,1,1,0,0,0,0,"Yes"
"649",0,0,1.24426189840581,0,0,1,0,0,1,0,0,"Yes"
"650",0,0,0.729126482910274,0,0,1,0,0,1,0,0,"Yes"
"651",0,0,-0.75904249518794,0,0,1,0,0,1,0,0,"Yes"
"652",0,0,0.500177409356702,0,0,1,0,0,1,0,0,"Yes"
"653",0,0,0.328465604191524,0,0,1,0,0,0,0,0,"Yes"
"654",0,0,-1.61760152101383,0,0,1,0,0,0,0,0,"Yes"
"655",0,0,-0.35838161646919,0,0,1,0,0,1,0,0,"Yes"
"656",0,0,0.271228335803131,0,0,1,0,0,1,0,0,"Yes"
"657",0,0,0.328465604191524,0,0,1,0,0,0,0,0,"Yes"
"658",0,1,1.81663458228974,0,1,1,0,0,1,0,0,"Yes"
"659",0,0,0.0995165306379524,0,0,1,0,0,0,0,0,"No"
"660",0,1,-0.0721952745272262,0,0,1,0,0,1,0,0,"Yes"
"661",0,0,-0.243907079692405,0,0,1,0,0,1,0,0,"Yes"
"662",0,0,-0.873517031964726,0,0,1,0,0,0,0,0,"Yes"
"663",0,0,-1.1024661055183,0,0,1,0,1,0,0,0,"Yes"
"664",0,0,1.47321097195938,0,1,1,0,0,1,0,0,"No"
"665",0,0,0.0995165306379524,0,0,1,0,0,0,0,0,"Yes"
"666",0,0,-0.129432542915619,0,1,1,0,0,1,0,0,"No"
"667",0,0,0.328465604191524,0,0,1,0,0,0,0,0,"Yes"
"668",0,1,1.01531282485224,0,0,1,0,1,1,0,0,"Yes"
"669",0,0,-0.587330690022762,0,1,1,0,0,1,0,0,"No"
"670",1,0,0.958075556463845,0,0,1,0,0,0,0,0,"Yes"
"671",1,1,1.3587364351826,0,0,1,0,0,1,0,0,"No"
"672",0,0,-1.61760152101383,0,1,1,0,0,0,0,0,"Yes"
"673",0,1,-1.1024661055183,0,0,1,0,0,1,0,1,"Yes"
"674",0,0,-0.472856153245976,0,0,1,0,0,0,0,0,"Yes"
"675",0,1,0.786363751298667,0,0,1,0,1,1,0,0,"Yes"
"676",0,0,-1.73207605779062,0,0,1,0,0,0,0,0,"Yes"
"677",1,0,0.671889214521881,0,0,1,0,0,1,0,0,"Yes"
"678",0,0,-1.33141517907187,1,0,1,0,0,0,0,0,"Yes"
"679",0,0,-0.129432542915619,0,0,1,0,0,0,0,0,"Yes"
"680",0,0,-0.415618884857583,0,0,1,0,0,0,0,0,"Yes"
"681",0,0,0.271228335803131,0,0,1,0,0,1,0,0,"Yes"
"682",0,0,-0.530093421634369,0,0,1,0,0,0,0,1,"Yes"
"683",0,0,-0.35838161646919,0,0,1,0,0,0,0,0,"Yes"
"684",0,0,-0.530093421634369,0,0,1,0,0,0,0,0,"Yes"
"685",0,0,0.271228335803131,0,0,1,0,0,1,0,1,"No"
"686",0,1,1.75939731390135,0,0,1,1,0,0,0,0,"Yes"
"687",0,0,2.04558365584331,0,0,1,0,0,1,0,0,"No"
"688",0,0,0.958075556463845,0,0,1,0,0,0,0,0,"Yes"
"689",0,1,1.64492277712456,0,0,1,0,0,1,0,0,"Yes"
"690",0,0,-1.15970337390669,0,0,1,0,0,1,0,0,"No"
"691",1,0,-1.44588971584865,0,0,1,0,0,1,0,0,"Yes"
"692",0,0,1.3587364351826,0,0,1,0,0,1,0,0,"Yes"
"693",0,0,-0.129432542915619,0,0,1,0,0,1,0,0,"Yes"
"694",0,0,-0.472856153245976,0,0,1,0,0,0,0,0,"Yes"
"695",0,0,0.0422792622495595,0,0,1,0,0,1,0,0,"Yes"
"696",0,0,-0.816279763576333,0,0,1,0,0,1,0,0,"Yes"
"697",0,0,-0.35838161646919,0,0,1,0,0,0,0,0,"Yes"
"698",0,0,1.18702463001742,0,0,1,0,0,1,0,0,"Yes"
"699",0,0,1.18702463001742,0,0,1,0,0,0,0,1,"Yes"
"700",0,0,1.18702463001742,0,0,1,0,0,0,0,0,"Yes"
"701",0,0,-1.50312698423705,0,0,1,0,0,1,0,0,"No"
"702",0,1,0.385702872579917,0,0,1,0,0,1,0,0,"Yes"
"703",0,0,0.843601019687059,0,0,1,0,0,0,0,0,"Yes"
"704",0,0,-1.67483878940223,0,0,1,0,0,1,0,0,"Yes"
"705",0,1,0.729126482910274,0,0,1,0,0,1,0,0,"Yes"
"706",0,0,-0.243907079692405,1,0,1,0,0,1,0,0,"Yes"
"707",0,0,-1.15970337390669,0,0,1,0,0,1,0,0,"Yes"
"708",0,0,-1.0452288371299,0,0,1,0,0,1,0,0,"Yes"
"709",0,0,0.442940140968309,0,0,1,0,0,1,0,0,"Yes"
"710",0,0,-0.987991568741512,0,0,1,0,0,1,0,0,"Yes"
"711",1,0,-1.56036425262544,0,0,1,0,0,1,0,0,"No"
"712",0,0,0.156753799026345,0,0,1,0,0,0,0,0,"Yes"
"713",0,0,1.41597370357099,0,0,1,0,0,1,0,1,"Yes"
"714",1,0,0.729126482910274,0,0,1,0,0,1,0,0,"Yes"
"715",0,0,0.328465604191524,0,0,1,0,0,0,0,0,"Yes"
"716",0,0,0.328465604191524,0,0,1,0,0,0,0,0,"Yes"
"717",0,0,0.213991067414738,0,0,1,0,0,1,0,0,"Yes"
"718",0,0,0.786363751298667,1,0,1,0,0,0,0,0,"Yes"
"719",0,1,1.53044824034777,0,0,1,0,0,1,1,0,"Yes"
"720",0,0,0.156753799026345,0,0,1,0,0,0,0,0,"Yes"
"721",0,0,-0.530093421634369,0,0,1,0,0,1,0,0,"Yes"
"722",1,1,-0.186669811304012,0,0,1,0,0,0,0,0,"Yes"
"723",0,0,0.729126482910274,0,0,1,0,0,0,0,0,"Yes"
"724",0,0,-0.644567958411155,0,0,1,0,0,0,0,0,"Yes"
"725",0,0,-0.415618884857583,0,0,1,0,0,1,0,0,"Yes"
"726",0,0,-1.15970337390669,0,0,1,0,0,1,0,0,"Yes"
"727",0,0,0.0422792622495595,0,0,1,0,0,0,0,0,"Yes"
"728",0,1,-1.44588971584865,0,0,1,0,0,1,0,0,"No"
"729",0,0,-0.301144348080798,0,0,1,0,0,0,0,0,"Yes"
"730",0,0,-1.15970337390669,0,0,1,0,0,0,0,0,"Yes"
"731",0,0,-1.67483878940223,0,0,1,1,0,0,0,0,"Yes"
"732",0,0,-0.0149580061388333,0,0,1,0,0,1,0,0,"Yes"
"733",0,0,-1.38865244746026,0,0,1,0,0,1,0,0,"Yes"
"734",0,0,0.557414677745095,0,0,1,0,0,1,0,0,"Yes"
"735",0,0,-1.33141517907187,0,0,1,0,0,0,0,0,"Yes"
"736",0,0,-1.1024661055183,0,0,1,0,0,1,0,0,"Yes"
"737",0,0,-1.73207605779062,1,0,1,0,0,0,0,0,"No"
"738",0,0,-0.701805226799547,0,0,1,0,0,1,0,1,"Yes"
"739",0,0,2.04558365584331,0,1,1,0,0,1,0,0,"Yes"
"740",0,0,1.47321097195938,1,0,1,0,0,1,0,0,"Yes"
"741",0,1,0.671889214521881,0,0,1,0,0,1,0,1,"Yes"
"742",0,0,1.3014991667942,0,0,1,0,0,1,0,0,"Yes"
"743",0,0,0.729126482910274,0,0,1,0,0,1,0,0,"Yes"
"744",0,0,-0.186669811304012,0,0,1,0,0,0,0,0,"Yes"
"745",0,0,-0.0149580061388333,0,0,1,0,0,0,0,0,"Yes"
"746",0,1,1.18702463001742,0,0,1,0,0,0,1,0,"Yes"
"747",0,0,-0.472856153245976,1,0,1,0,0,0,0,0,"Yes"
"748",0,1,-0.816279763576333,0,0,1,0,0,1,0,0,"Yes"
"749",0,0,0.0422792622495595,0,0,1,0,0,1,0,0,"Yes"
"750",0,0,-1.38865244746026,0,0,1,0,0,0,1,0,"Yes"
"751",0,0,-1.61760152101383,0,0,1,0,0,1,0,0,"No"
"752",0,1,-0.129432542915619,0,0,1,0,0,0,0,0,"Yes"
"753",0,1,1.98834638745492,0,0,1,0,0,0,0,0,"Yes"
"754",0,0,0.671889214521881,0,1,1,0,0,1,0,0,"Yes"
"755",0,0,-0.243907079692405,0,0,1,0,0,0,0,0,"Yes"
"756",0,0,-1.1024661055183,0,0,1,0,0,1,1,0,"Yes"
"757",0,0,0.786363751298667,0,0,1,0,0,0,1,0,"Yes"
"758",0,1,1.93110911906652,0,0,1,0,0,1,1,0,"Yes"
"759",0,0,0.900838288075452,0,0,1,0,0,0,0,1,"Yes"
"760",0,0,-1.21694064229508,0,0,1,0,0,0,0,1,"Yes"
"761",0,0,-0.701805226799547,0,0,1,0,0,1,0,0,"Yes"
"762",0,0,-1.50312698423705,0,1,1,0,0,0,0,0,"Yes"
"763",0,0,0.442940140968309,0,0,1,0,0,0,0,0,"Yes"
"764",0,0,-1.50312698423705,0,0,1,0,0,0,0,0,"No"
"765",0,0,0.729126482910274,0,0,1,0,1,1,0,0,"Yes"
"766",0,0,-0.701805226799547,0,0,1,0,0,1,0,0,"Yes"
"767",0,0,1.41597370357099,0,0,1,0,0,0,0,0,"Yes"
"768",0,0,1.24426189840581,0,0,1,0,0,1,0,1,"Yes"
"769",0,0,-1.50312698423705,0,0,1,0,0,1,0,0,"Yes"
"770",0,1,1.07255009324063,0,1,1,0,0,1,0,0,"Yes"
"771",0,0,-0.816279763576333,0,0,1,0,0,1,0,0,"Yes"
"772",0,0,-1.61760152101383,0,0,1,0,0,0,0,0,"Yes"
"773",0,0,-0.243907079692405,0,0,1,0,0,1,0,0,"Yes"
"774",0,0,-0.75904249518794,0,0,1,0,0,0,0,0,"Yes"
"775",0,0,-0.987991568741512,0,1,1,0,0,1,0,0,"Yes"
"776",0,0,0.442940140968309,0,0,1,0,0,0,0,0,"Yes"
"777",0,0,0.0422792622495595,0,0,1,0,0,0,0,0,"No"
"778",0,0,0.900838288075452,0,0,1,0,0,0,0,1,"Yes"
"779",0,0,-1.1024661055183,0,0,1,0,0,0,0,1,"Yes"
"780",0,0,0.729126482910274,0,0,1,0,0,1,0,0,"Yes"
"781",0,0,-0.0721952745272262,0,0,1,0,0,0,0,0,"Yes"
"782",0,0,0.385702872579917,0,0,1,0,0,1,0,0,"Yes"
"783",0,0,-0.0149580061388333,1,0,1,0,0,0,0,0,"No"
"784",1,0,-1.0452288371299,0,0,1,0,0,1,0,0,"Yes"
"785",0,0,0.729126482910274,0,0,1,0,0,0,0,0,"Yes"
"786",0,0,0.729126482910274,0,0,1,0,0,0,0,0,"Yes"
"787",0,1,0.156753799026345,0,0,1,1,0,0,0,0,"Yes"
"788",0,0,-0.301144348080798,0,0,1,0,0,1,0,0,"Yes"
"789",0,0,0.0422792622495595,0,0,1,0,0,0,0,0,"Yes"
"790",0,0,0.156753799026345,0,0,1,0,0,1,0,0,"Yes"
"791",0,0,1.64492277712456,0,0,1,0,0,1,0,0,"Yes"
"792",0,0,-1.56036425262544,0,0,1,0,0,1,0,0,"Yes"
"793",0,1,-0.701805226799547,0,0,1,0,0,1,0,0,"Yes"
"794",0,0,1.64492277712456,1,0,1,0,0,1,0,0,"No"
"795",0,0,1.18702463001742,0,0,1,0,0,0,0,0,"Yes"
"796",1,0,-1.1024661055183,0,0,1,0,0,0,0,0,"No"
"797",0,1,1.07255009324063,0,0,1,0,0,0,0,1,"Yes"
"798",0,0,-1.21694064229508,0,0,1,0,0,1,0,0,"Yes"
"799",0,0,-0.873517031964726,0,0,1,0,0,0,0,0,"No"
"800",0,0,-0.0149580061388333,0,0,1,0,0,1,0,0,"Yes"
"801",0,0,0.0995165306379524,0,0,1,0,0,0,0,0,"Yes"
"802",0,0,0.557414677745095,0,0,1,0,0,0,0,0,"Yes"
"803",0,0,0.271228335803131,1,0,1,0,0,0,0,0,"Yes"
"804",0,0,-0.301144348080798,0,0,1,0,0,0,0,0,"Yes"
"805",0,0,-1.0452288371299,0,0,1,0,0,1,0,0,"Yes"
"806",0,1,-0.530093421634369,0,0,1,1,0,0,0,0,"Yes"
"807",0,0,0.271228335803131,0,0,1,0,0,1,0,0,"Yes"
"808",0,0,0.271228335803131,0,0,1,0,0,1,0,0,"Yes"
"809",0,0,0.671889214521881,0,0,1,0,0,0,0,0,"Yes"
"810",0,0,0.156753799026345,1,0,1,0,0,1,0,0,"Yes"
"811",0,0,0.500177409356702,0,0,1,0,0,1,0,0,"Yes"
"812",0,0,0.385702872579917,0,0,1,0,0,0,0,0,"Yes"
"813",0,0,-0.701805226799547,0,0,1,0,0,1,0,0,"Yes"
"814",0,0,-1.15970337390669,0,0,1,0,0,0,0,0,"Yes"
"815",0,0,0.442940140968309,0,0,1,0,0,0,0,0,"Yes"
"816",0,0,-1.67483878940223,0,0,1,0,0,1,0,0,"Yes"
"817",0,0,-0.75904249518794,1,0,1,0,0,1,0,0,"No"
"818",0,0,1.24426189840581,0,0,1,0,0,0,0,0,"Yes"
"819",0,1,0.385702872579917,0,1,1,0,0,1,0,0,"No"
"820",0,0,0.900838288075452,0,0,1,0,0,1,0,1,"Yes"
"821",0,0,-0.129432542915619,1,0,1,0,0,1,0,0,"Yes"
"822",0,0,0.156753799026345,0,0,1,0,0,0,0,0,"Yes"
"823",0,0,-1.67483878940223,0,0,1,0,0,1,0,0,"Yes"
"824",0,0,-0.186669811304012,0,0,1,0,0,1,0,0,"Yes"
"825",0,1,1.58768550873617,0,1,1,0,0,1,0,0,"No"
"826",0,0,0.843601019687059,0,0,1,0,0,0,0,0,"Yes"
"827",0,0,1.70216004551295,0,0,1,0,0,0,0,0,"Yes"
"828",0,1,1.24426189840581,0,0,1,0,0,1,0,0,"Yes"
"829",0,0,-0.243907079692405,0,0,1,0,0,0,0,0,"Yes"
"830",0,0,0.958075556463845,0,0,1,0,0,0,0,0,"Yes"
"831",0,1,0.671889214521881,0,0,1,0,0,0,0,1,"No"
"832",0,1,0.500177409356702,0,0,1,0,0,1,1,0,"Yes"
"833",0,0,1.12978736162902,0,0,1,0,0,1,0,1,"Yes"
"834",1,0,1.70216004551295,0,0,1,0,0,1,0,0,"Yes"
"835",0,0,1.41597370357099,0,0,1,0,0,0,0,1,"Yes"
"836",1,1,0.843601019687059,0,0,1,0,0,1,0,0,"No"
"837",0,0,0.500177409356702,1,0,1,0,0,0,0,0,"No"
"838",0,1,1.47321097195938,0,0,1,0,1,1,0,0,"Yes"
"839",0,0,0.900838288075452,0,0,1,0,0,1,0,0,"Yes"
"840",0,0,-0.873517031964726,0,0,1,0,0,1,0,0,"Yes"
"841",0,0,-1.61760152101383,1,0,1,0,0,0,0,0,"No"
"842",0,0,-0.644567958411155,0,0,1,0,0,1,0,0,"Yes"
"843",0,0,-0.243907079692405,0,0,1,0,0,0,0,0,"No"
"844",0,0,-1.61760152101383,0,0,1,0,0,1,0,0,"Yes"
"845",0,0,-1.56036425262544,0,0,1,0,0,0,0,0,"Yes"
"846",0,0,1.64492277712456,0,0,1,0,1,1,0,0,"Yes"
"847",0,0,-0.587330690022762,1,0,1,0,0,1,0,0,"Yes"
"848",0,0,0.0995165306379524,0,0,1,0,0,1,0,0,"Yes"
"849",0,0,-0.0721952745272262,0,0,1,0,0,1,0,0,"Yes"
"850",1,0,-0.186669811304012,0,0,1,0,0,0,0,0,"No"
"851",1,0,1.18702463001742,0,0,1,0,0,1,0,0,"Yes"
"852",0,0,-1.1024661055183,0,0,1,0,0,0,0,0,"Yes"
"853",0,0,-0.301144348080798,0,0,1,0,0,1,0,1,"Yes"
"854",0,0,0.900838288075452,0,0,1,0,0,0,0,1,"Yes"
"855",0,0,0.385702872579917,0,0,1,0,0,1,0,0,"Yes"
"856",0,0,-0.243907079692405,0,0,1,0,0,0,0,0,"Yes"
"857",0,0,-1.0452288371299,0,0,1,0,0,1,0,0,"Yes"
"858",0,0,-0.0149580061388333,0,0,1,0,0,0,0,0,"Yes"
"859",0,0,-0.987991568741512,0,0,1,0,0,0,0,0,"No"
"860",0,0,-0.186669811304012,0,0,1,0,0,1,0,0,"Yes"
"861",1,0,-0.644567958411155,0,0,1,0,0,1,0,0,"Yes"
"862",0,1,1.07255009324063,0,0,1,1,0,1,0,0,"Yes"
"863",0,0,0.213991067414738,0,0,1,0,0,1,0,0,"Yes"
"864",0,0,-0.301144348080798,0,0,1,0,0,1,0,0,"Yes"
"865",0,0,-1.67483878940223,0,0,1,1,0,1,0,0,"Yes"
"866",0,0,-1.1024661055183,0,0,1,0,0,1,0,0,"Yes"
"867",0,0,0.0422792622495595,0,0,1,0,0,1,0,0,"Yes"
"868",0,0,-1.50312698423705,0,0,1,0,0,0,0,0,"Yes"
"869",0,0,-0.301144348080798,0,0,1,0,0,1,0,0,"Yes"
"870",0,0,-1.21694064229508,0,0,1,0,0,0,0,0,"Yes"
"871",0,0,-0.587330690022762,0,0,1,0,0,1,0,0,"Yes"
"872",0,0,2.04558365584331,0,0,1,0,0,1,0,0,"Yes"
"873",0,0,1.3014991667942,0,0,1,0,1,1,0,0,"No"
"874",0,0,-0.472856153245976,1,0,1,0,0,1,0,0,"Yes"
"875",0,0,-0.873517031964726,0,0,1,0,0,0,0,0,"No"
"876",0,0,-0.0721952745272262,0,0,1,0,0,1,0,0,"Yes"
"877",0,0,-0.0149580061388333,0,0,1,0,0,0,0,0,"Yes"
"878",0,0,0.729126482910274,0,0,1,0,0,0,0,0,"Yes"
"879",0,0,0.0995165306379524,0,0,1,0,0,1,0,0,"Yes"
"880",0,0,-0.415618884857583,0,0,1,0,0,1,0,1,"Yes"
"881",0,0,-0.301144348080798,0,0,1,0,0,1,0,0,"Yes"
"882",0,0,1.64492277712456,0,0,1,0,0,0,0,1,"Yes"
"883",0,0,0.557414677745095,0,0,1,0,0,0,0,0,"Yes"
"884",0,0,-0.530093421634369,0,0,1,0,0,0,0,0,"No"
"885",0,0,1.3014991667942,0,0,1,0,0,0,0,0,"Yes"
"886",0,0,-0.129432542915619,0,0,1,0,0,1,0,0,"Yes"
"887",0,0,-0.873517031964726,0,0,1,0,0,1,0,0,"Yes"
"888",1,0,-1.61760152101383,0,0,1,0,0,1,0,0,"No"
"889",0,0,0.500177409356702,0,0,1,0,0,1,0,0,"Yes"
"890",0,1,0.900838288075452,0,0,1,0,0,0,0,0,"Yes"
"891",0,0,-1.50312698423705,0,0,1,0,0,1,0,1,"Yes"
"892",0,0,-0.644567958411155,0,0,1,0,0,1,0,0,"Yes"
"893",0,1,0.614651946133488,0,1,1,0,0,0,0,0,"No"
"894",0,0,-0.243907079692405,0,0,1,0,0,0,0,0,"Yes"
"895",0,0,-0.587330690022762,1,0,1,0,0,1,0,0,"Yes"
"896",0,0,-0.243907079692405,0,0,1,0,0,0,0,0,"Yes"
"897",0,0,-0.472856153245976,0,0,1,0,0,0,0,0,"Yes"
"898",0,0,1.70216004551295,1,0,1,0,0,1,0,0,"Yes"
"899",1,0,0.557414677745095,0,0,1,0,0,1,0,0,"Yes"
"900",1,0,1.3587364351826,0,0,1,0,0,1,0,0,"Yes"
"901",0,1,0.786363751298667,0,0,1,0,0,1,0,0,"Yes"
"902",0,0,0.156753799026345,0,0,1,0,1,0,0,0,"Yes"
"903",0,0,0.156753799026345,0,0,1,0,0,1,0,0,"Yes"
"904",0,0,1.64492277712456,1,0,1,0,0,0,0,0,"Yes"
"905",0,0,-0.75904249518794,0,0,1,0,0,1,0,0,"Yes"
"906",0,0,-1.73207605779062,0,0,1,0,0,1,0,0,"Yes"
"907",0,0,-1.67483878940223,0,0,1,0,0,0,0,0,"Yes"
"908",0,0,-0.530093421634369,0,0,1,0,0,1,0,0,"Yes"
"909",0,0,1.12978736162902,0,0,1,0,0,1,0,0,"Yes"
"910",0,0,-0.644567958411155,0,0,1,0,0,0,0,0,"Yes"
"911",0,0,1.24426189840581,0,0,1,0,0,0,0,0,"Yes"
"912",0,0,0.213991067414738,0,0,1,0,0,1,0,0,"Yes"
"913",0,0,-0.530093421634369,1,0,1,0,0,0,0,0,"Yes"
"914",0,0,-0.243907079692405,0,0,1,0,0,1,0,0,"Yes"
"915",0,0,0.786363751298667,0,0,1,0,0,0,0,0,"Yes"
"916",0,1,1.41597370357099,0,0,1,1,0,0,0,0,"Yes"
"917",0,0,-0.243907079692405,0,0,1,0,0,1,1,0,"Yes"
"918",0,0,-0.243907079692405,0,0,1,0,0,0,0,0,"Yes"
"919",0,0,0.786363751298667,0,0,1,0,0,0,0,0,"Yes"
"920",0,0,-0.472856153245976,0,0,1,0,0,0,0,0,"Yes"
"921",0,0,-0.530093421634369,0,0,1,0,0,1,0,0,"Yes"
"922",0,0,-0.0721952745272262,0,0,1,0,0,0,0,0,"Yes"
"923",0,0,-1.21694064229508,0,0,1,0,0,1,0,1,"Yes"
"924",0,1,0.328465604191524,0,0,1,0,0,0,0,1,"Yes"
"925",0,0,1.3014991667942,0,0,1,0,0,1,0,0,"Yes"
"926",0,0,-0.35838161646919,0,0,1,0,0,1,0,0,"Yes"
"927",0,0,-0.701805226799547,0,0,1,0,0,1,0,0,"Yes"
"928",0,0,0.328465604191524,0,0,1,0,0,1,0,0,"Yes"
"929",0,1,1.47321097195938,0,0,1,0,0,1,0,1,"Yes"
"930",0,0,-0.0149580061388333,0,0,1,0,0,0,0,0,"Yes"
"931",0,0,-1.15970337390669,0,0,1,0,0,1,0,1,"No"
"932",0,0,-0.530093421634369,0,0,1,0,0,0,0,0,"Yes"
"933",0,0,0.729126482910274,0,0,1,0,1,1,0,0,"Yes"
"934",1,0,-0.472856153245976,0,0,1,0,0,1,0,0,"Yes"
"935",0,0,-0.530093421634369,0,0,1,0,1,1,0,0,"Yes"
"936",0,1,0.614651946133488,1,0,1,0,0,1,0,0,"Yes"
"937",0,0,0.0422792622495595,0,0,1,0,0,1,0,0,"Yes"
"938",0,0,-0.644567958411155,0,0,1,0,0,1,0,1,"Yes"
"939",0,0,-1.73207605779062,0,0,1,1,0,0,0,0,"No"
"940",0,1,1.3587364351826,0,0,1,0,1,0,0,0,"No"
"941",0,0,1.87387185067813,0,0,1,0,0,0,0,0,"Yes"
"942",0,0,0.385702872579917,0,0,1,0,0,1,0,0,"Yes"
"943",0,0,0.213991067414738,0,0,1,0,0,0,0,0,"Yes"
"944",0,0,-0.530093421634369,0,0,1,0,0,0,0,0,"Yes"
"945",0,0,0.557414677745095,0,0,1,0,0,1,0,0,"Yes"
"946",0,0,-0.930754300353119,0,0,1,0,0,0,0,0,"Yes"
"947",0,1,0.843601019687059,0,0,1,0,0,0,0,0,"Yes"
"948",0,0,-0.987991568741512,0,0,1,0,0,1,0,0,"Yes"
"949",0,0,0.385702872579917,0,0,1,0,0,1,0,0,"Yes"
"950",0,0,0.0422792622495595,0,0,1,0,0,0,0,0,"Yes"
"951",0,1,1.75939731390135,0,0,1,0,0,0,0,0,"Yes"
"952",0,1,-0.186669811304012,0,0,1,1,0,1,0,0,"Yes"
"953",0,0,-0.701805226799547,0,0,1,0,0,0,0,0,"Yes"
"954",0,0,-0.530093421634369,0,0,1,0,0,1,0,0,"Yes"
"955",0,1,1.87387185067813,0,0,1,0,1,0,0,0,"Yes"
"956",0,0,0.729126482910274,0,0,1,0,0,0,0,0,"Yes"
"957",0,0,-0.873517031964726,0,0,1,0,0,1,0,0,"Yes"
"958",0,0,0.0422792622495595,0,0,1,0,0,1,0,0,"Yes"
"959",0,0,-0.301144348080798,0,0,1,0,0,0,0,0,"Yes"
"960",0,0,1.07255009324063,0,0,1,0,0,0,0,0,"Yes"
"961",0,0,-1.38865244746026,0,0,1,0,0,1,0,0,"Yes"
"962",0,1,-1.50312698423705,0,0,1,0,0,1,0,1,"Yes"
"963",0,0,-0.35838161646919,0,0,1,0,0,0,0,0,"No"
"964",0,0,-0.644567958411155,0,0,1,0,0,0,0,0,"Yes"
"965",0,0,-1.50312698423705,0,0,1,0,0,1,0,0,"Yes"
"966",0,0,-0.129432542915619,0,0,1,0,0,1,0,0,"Yes"
"967",0,0,0.328465604191524,0,0,1,0,0,1,0,0,"Yes"
"968",0,0,-0.243907079692405,0,0,1,0,0,0,0,0,"Yes"
"969",1,0,-1.67483878940223,0,0,1,0,0,1,0,0,"No"
"970",0,0,-0.415618884857583,0,0,1,0,0,1,0,0,"Yes"
"971",0,1,0.271228335803131,0,0,1,1,0,0,0,0,"Yes"
"972",0,1,1.53044824034777,0,0,1,0,0,0,0,1,"Yes"
"973",1,1,1.64492277712456,0,0,1,0,0,0,0,0,"No"
"974",0,0,-0.701805226799547,0,0,1,0,0,1,0,0,"Yes"
"975",0,0,-0.186669811304012,0,0,1,0,0,0,0,0,"Yes"
"976",0,0,-1.33141517907187,1,0,1,0,0,1,0,0,"Yes"
"977",0,0,-0.35838161646919,0,0,1,0,0,1,0,0,"Yes"
"978",0,0,-0.75904249518794,0,0,1,0,0,1,0,0,"No"
"979",0,0,-0.701805226799547,0,0,1,0,0,0,0,0,"Yes"
"980",0,0,0.0422792622495595,0,0,1,0,0,1,0,0,"Yes"
"981",0,0,0.442940140968309,0,0,1,0,0,0,0,0,"Yes"
"982",0,0,-1.44588971584865,0,0,1,0,0,1,0,0,"Yes"
"983",0,0,-1.73207605779062,0,0,1,0,0,1,0,0,"Yes"
"984",1,0,0.0995165306379524,0,0,1,0,0,1,0,0,"No"
"985",0,0,0.213991067414738,0,0,1,0,0,1,0,0,"Yes"
"986",0,0,-0.0721952745272262,0,0,1,0,0,1,0,0,"Yes"
"987",0,0,0.786363751298667,0,0,1,0,0,1,0,0,"Yes"
"988",1,0,1.81663458228974,0,0,1,0,0,1,0,0,"No"
"989",0,0,-0.816279763576333,0,0,1,0,0,0,0,0,"Yes"
"990",0,0,1.98834638745492,0,0,1,0,0,0,0,0,"Yes"
"991",0,0,0.442940140968309,0,0,1,0,0,0,0,0,"Yes"
"992",0,0,-1.21694064229508,0,0,1,0,0,1,0,1,"Yes"
"993",0,1,0.729126482910274,0,0,1,1,0,1,0,0,"No"
"994",0,0,0.0422792622495595,0,0,1,0,0,1,0,0,"Yes"
"995",0,0,0.0995165306379524,0,0,1,0,0,1,0,0,"Yes"
"996",0,0,0.213991067414738,0,0,1,0,0,1,0,0,"Yes"
"997",0,0,-1.44588971584865,0,0,1,0,0,0,0,0,"Yes"
"998",0,0,-0.186669811304012,1,0,1,0,0,0,0,0,"Yes"
"999",0,1,1.70216004551295,1,0,1,0,0,1,0,0,"No"
"1000",1,1,-0.75904249518794,0,0,1,0,0,1,0,0,"Yes"
"1001",1,0,-0.987991568741512,0,0,1,0,0,0,0,0,"Yes"
"1002",0,0,0.271228335803131,0,0,1,0,0,1,0,0,"Yes"
"1003",0,0,-0.587330690022762,0,0,1,0,0,1,0,0,"Yes"
"1004",0,0,-1.15970337390669,0,0,1,0,0,0,0,0,"Yes"
"1005",0,0,-0.644567958411155,0,0,1,0,0,0,0,0,"Yes"
"1006",0,0,1.41597370357099,0,0,1,0,0,0,0,0,"Yes"
"1007",0,0,1.07255009324063,0,0,1,0,0,1,0,0,"Yes"
"1008",0,1,-1.15970337390669,0,0,1,0,0,1,1,0,"Yes"
"1009",0,0,-0.35838161646919,0,0,1,0,0,1,0,0,"Yes"
"1010",0,0,-1.15970337390669,0,0,1,0,0,1,0,0,"Yes"
"1011",0,0,-0.930754300353119,0,0,1,0,0,1,0,0,"Yes"
"1012",0,0,-1.21694064229508,0,0,1,0,0,0,0,0,"Yes"
"1013",0,1,1.3014991667942,0,0,1,1,0,1,0,0,"Yes"
"1014",0,0,-1.56036425262544,0,0,1,0,0,1,0,0,"Yes"
"1015",0,0,-0.930754300353119,0,0,1,0,1,1,0,0,"Yes"
"1016",0,0,0.0422792622495595,0,0,1,0,0,1,0,1,"Yes"
"1017",1,1,1.98834638745492,0,0,1,0,0,1,0,0,"Yes"
"1018",0,0,0.958075556463845,0,0,1,0,0,1,0,0,"No"
"1019",0,0,0.328465604191524,0,0,1,0,0,1,0,0,"Yes"
"1020",0,1,-0.472856153245976,0,0,1,0,0,0,0,1,"Yes"
"1021",0,0,0.557414677745095,0,0,1,0,0,1,0,0,"Yes"
"1022",0,0,1.47321097195938,0,0,1,0,0,1,0,0,"Yes"
"1023",0,0,-0.35838161646919,1,0,1,0,0,0,0,0,"Yes"
"1024",0,0,-0.587330690022762,0,0,1,0,0,1,0,0,"Yes"
"1025",1,0,-0.873517031964726,0,0,1,0,0,1,0,0,"Yes"
"1026",0,1,2.04558365584331,0,0,1,1,0,0,0,0,"No"
"1027",0,0,-1.0452288371299,0,0,1,0,0,0,0,0,"Yes"
"1028",0,0,-0.644567958411155,0,0,1,0,0,1,0,0,"Yes"
"1029",0,0,-1.0452288371299,0,0,1,0,0,1,0,0,"Yes"
"1030",0,0,1.53044824034777,0,0,1,0,0,0,0,0,"Yes"
"1031",0,1,0.786363751298667,0,0,1,1,0,1,0,0,"Yes"
"1032",0,0,-1.67483878940223,0,0,1,0,0,1,0,0,"Yes"
"1033",0,0,-1.38865244746026,0,0,1,0,0,1,0,0,"No"
"1034",0,0,0.900838288075452,0,0,1,1,0,1,0,0,"No"
"1035",0,0,-1.61760152101383,0,0,1,0,0,0,0,0,"Yes"
"1036",0,0,-0.75904249518794,0,0,1,0,0,0,0,0,"Yes"
"1037",0,1,1.18702463001742,0,0,1,1,0,0,0,0,"No"
"1038",0,0,0.900838288075452,0,0,1,0,0,1,0,0,"Yes"
"1039",0,1,0.328465604191524,0,0,1,0,0,1,0,0,"Yes"
"1040",0,0,-0.243907079692405,0,0,1,0,0,1,0,0,"Yes"
"1041",1,0,-1.38865244746026,0,0,1,0,0,0,0,0,"No"
"1042",0,0,-0.186669811304012,0,0,1,0,0,0,0,1,"Yes"
"1043",0,0,-1.33141517907187,0,0,1,0,1,0,0,0,"Yes"
"1044",0,0,-0.644567958411155,0,0,1,0,0,1,0,0,"Yes"
"1045",0,0,-0.530093421634369,0,0,1,0,0,0,0,0,"Yes"
"1046",0,0,-0.816279763576333,0,0,1,0,0,1,0,0,"No"
"1047",0,0,0.156753799026345,0,0,1,0,0,1,0,0,"Yes"
"1048",0,0,-0.472856153245976,0,0,1,0,0,1,0,0,"Yes"
"1049",0,0,1.07255009324063,1,0,1,0,0,0,0,0,"Yes"
"1050",0,0,0.843601019687059,0,0,1,0,0,1,0,0,"Yes"
"1051",0,0,-0.530093421634369,0,0,1,0,0,1,0,0,"Yes"
"1052",0,0,2.04558365584331,0,0,1,0,0,1,0,0,"No"
"1053",0,0,-0.129432542915619,0,0,1,0,0,0,0,0,"Yes"
"1054",0,0,0.614651946133488,1,0,1,0,0,1,0,0,"Yes"
"1055",0,0,0.385702872579917,0,0,1,0,0,0,0,0,"Yes"
"1056",0,0,1.01531282485224,0,0,1,0,0,1,0,0,"Yes"
"1057",0,0,-1.78931332617901,0,0,1,0,0,0,0,0,"Yes"
"1058",0,0,0.729126482910274,0,0,1,1,0,1,0,0,"Yes"
"1059",0,0,1.3014991667942,0,0,1,0,0,1,0,0,"Yes"
"1060",0,0,1.81663458228974,1,0,1,0,0,0,0,0,"Yes"
"1061",0,0,0.156753799026345,0,0,1,0,0,0,0,0,"Yes"
"1062",0,1,1.12978736162902,0,0,1,0,0,1,0,0,"Yes"
"1063",0,0,-0.873517031964726,0,0,1,0,0,1,0,0,"Yes"
"1064",0,0,-0.987991568741512,0,0,1,0,0,1,0,0,"Yes"
"1065",0,0,0.557414677745095,0,0,1,0,0,1,0,0,"Yes"
"1066",0,0,0.557414677745095,0,0,1,0,0,1,0,0,"Yes"
"1067",0,0,-0.0149580061388333,0,0,1,0,0,0,0,0,"Yes"
"1068",0,0,-1.61760152101383,0,0,1,0,0,1,0,0,"Yes"
"1069",0,0,0.385702872579917,0,0,1,0,0,0,0,0,"Yes"
"1070",0,0,0.843601019687059,0,0,1,0,0,0,0,0,"No"
"1071",0,0,-0.301144348080798,0,0,1,0,0,1,0,0,"Yes"
"1072",0,0,1.3014991667942,0,0,1,0,0,0,0,0,"Yes"
"1073",0,0,-0.0721952745272262,0,0,1,0,0,0,0,0,"No"
"1074",0,0,-0.129432542915619,0,0,1,0,0,0,0,0,"No"
"1075",0,0,-0.0721952745272262,0,0,1,0,0,1,0,0,"Yes"
"1076",0,0,0.0995165306379524,0,0,1,0,0,0,0,0,"Yes"
"1077",0,0,-0.75904249518794,0,0,1,0,0,1,0,0,"Yes"
"1078",0,0,-0.0721952745272262,0,0,1,0,0,0,0,0,"Yes"
"1079",0,0,-0.0721952745272262,0,0,1,0,0,1,0,0,"Yes"
"1080",0,0,-0.873517031964726,0,0,1,0,0,1,0,0,"Yes"
"1081",0,0,-0.0721952745272262,0,0,1,0,0,1,0,0,"Yes"
"1082",0,0,-1.21694064229508,0,0,1,0,0,0,0,0,"Yes"
"1083",0,0,-0.243907079692405,0,0,1,0,0,1,0,0,"Yes"
"1084",0,0,1.58768550873617,0,0,1,0,0,0,0,0,"Yes"
"1085",0,0,-0.644567958411155,0,0,1,0,0,0,0,0,"Yes"
"1086",0,0,1.41597370357099,0,0,1,0,0,1,0,0,"Yes"
"1087",0,0,-0.472856153245976,0,0,1,0,0,0,0,0,"Yes"
"1088",0,0,0.385702872579917,0,0,1,0,0,1,0,0,"Yes"
"1089",0,0,-0.0721952745272262,0,0,1,0,0,1,0,0,"Yes"
"1090",0,0,-0.816279763576333,0,0,1,0,0,0,0,0,"Yes"
"1091",0,0,-0.644567958411155,0,0,1,0,0,0,0,0,"Yes"
"1092",0,0,-1.67483878940223,0,0,1,0,0,1,0,0,"Yes"
"1093",0,0,1.12978736162902,1,0,1,0,0,0,0,0,"Yes"
"1094",0,0,-0.472856153245976,0,0,1,0,0,1,0,0,"Yes"
"1095",0,0,0.900838288075452,0,0,1,0,0,0,0,0,"Yes"
"1096",0,0,1.07255009324063,0,0,1,0,0,1,0,0,"Yes"
"1097",0,1,0.442940140968309,0,0,1,0,0,1,0,0,"Yes"
"1098",0,0,-1.67483878940223,0,1,1,0,0,0,0,0,"Yes"
"1099",0,0,-1.1024661055183,0,0,1,0,0,1,0,0,"Yes"
"1100",0,1,0.900838288075452,0,1,1,0,0,1,0,0,"Yes"
"1101",0,0,-0.0721952745272262,0,0,1,0,0,0,0,0,"Yes"
"1102",0,1,1.3014991667942,0,0,1,0,1,0,0,0,"No"
"1103",0,0,1.24426189840581,0,0,1,0,0,1,0,0,"Yes"
"1104",0,0,0.328465604191524,0,1,1,0,0,1,0,0,"Yes"
"1105",0,0,-0.75904249518794,0,0,1,0,0,0,0,0,"Yes"
"1106",0,0,0.614651946133488,1,0,1,0,0,1,0,0,"Yes"
"1107",0,0,-0.35838161646919,0,0,1,0,0,1,0,0,"Yes"
"1108",0,0,-1.67483878940223,0,0,1,0,0,1,0,0,"Yes"
"1109",0,0,1.75939731390135,1,0,1,0,0,0,0,0,"Yes"
"1110",0,0,1.3014991667942,0,0,1,0,0,0,0,0,"Yes"
"1111",0,0,-0.301144348080798,0,0,1,0,0,1,0,0,"Yes"
"1112",0,0,-1.73207605779062,0,0,1,0,0,0,0,0,"Yes"
"1113",0,1,1.3014991667942,0,1,1,0,0,0,0,0,"Yes"
"1114",0,0,-0.0149580061388333,0,0,1,0,0,1,0,0,"Yes"
"1115",0,0,1.24426189840581,0,0,1,0,0,0,0,0,"Yes"
"1116",0,0,0.271228335803131,0,0,1,0,0,0,0,0,"Yes"
"1117",0,0,0.213991067414738,0,0,1,0,0,1,0,0,"Yes"
"1118",0,1,1.70216004551295,0,0,1,0,0,0,0,0,"No"
"1119",0,0,-0.0149580061388333,0,0,1,0,0,1,0,0,"Yes"
"1120",0,0,0.729126482910274,1,0,1,0,0,0,0,0,"Yes"
"1121",0,0,1.3014991667942,0,0,1,0,0,1,0,0,"Yes"
"1122",0,0,-0.0149580061388333,0,0,1,0,0,0,0,0,"Yes"
"1123",0,1,1.98834638745492,0,0,1,1,0,1,0,0,"No"
"1124",0,0,-0.701805226799547,0,0,1,0,0,0,0,0,"No"
"1125",0,0,-0.301144348080798,0,0,1,0,0,0,0,0,"Yes"
"1126",0,1,1.12978736162902,0,0,1,0,0,1,1,0,"Yes"
"1127",0,0,-1.15970337390669,0,0,1,0,0,0,0,0,"Yes"
"1128",0,0,1.24426189840581,0,0,1,0,0,0,0,0,"Yes"
"1129",0,0,0.900838288075452,0,0,1,0,0,1,0,1,"Yes"
"1130",0,0,1.01531282485224,1,0,1,0,0,1,0,0,"Yes"
"1131",0,0,-0.75904249518794,0,0,1,0,0,1,0,0,"Yes"
"1132",0,0,0.614651946133488,0,0,1,0,0,1,0,0,"Yes"
"1133",0,0,-1.73207605779062,0,0,1,0,0,0,1,0,"No"
"1134",0,0,-1.1024661055183,0,0,1,0,0,0,0,0,"Yes"
"1135",0,0,-0.75904249518794,0,0,1,0,0,0,0,0,"Yes"
"1136",0,0,0.385702872579917,0,0,1,0,0,0,0,0,"Yes"
"1137",0,0,-0.530093421634369,0,0,1,0,0,1,0,0,"Yes"
"1138",0,0,-0.129432542915619,0,0,1,0,0,1,0,0,"No"
"1139",0,0,-0.816279763576333,0,0,1,0,0,0,0,0,"Yes"
"1140",1,1,-1.27417791068348,0,0,1,0,0,1,0,0,"Yes"
"1141",0,0,0.786363751298667,0,0,1,0,0,1,1,0,"Yes"
"1142",1,0,-1.56036425262544,0,0,1,0,0,0,0,0,"Yes"
"1143",0,0,-1.78931332617901,0,0,1,0,0,1,0,0,"Yes"
"1144",0,0,0.385702872579917,0,0,1,0,0,0,0,0,"Yes"
"1145",0,0,-0.930754300353119,0,0,1,0,0,1,0,1,"Yes"
"1146",0,0,-0.873517031964726,0,0,1,0,0,0,0,0,"Yes"
"1147",0,0,-0.0149580061388333,0,0,1,0,0,0,0,0,"No"
"1148",0,0,1.53044824034777,0,0,1,1,0,0,0,0,"Yes"
"1149",0,0,1.24426189840581,0,0,1,0,0,1,0,0,"Yes"
"1150",0,0,0.729126482910274,0,0,1,0,0,1,0,0,"Yes"
"1151",0,0,-0.75904249518794,0,0,1,0,0,1,0,0,"Yes"
"1152",0,0,0.500177409356702,0,0,1,0,0,1,0,0,"Yes"
"1153",0,0,0.328465604191524,0,0,1,0,0,0,0,0,"Yes"
"1154",0,0,-1.61760152101383,0,0,1,0,0,0,0,0,"Yes"
"1155",0,0,-0.35838161646919,0,0,1,0,0,1,0,0,"Yes"
"1156",0,0,0.271228335803131,0,0,1,0,0,1,0,0,"Yes"
"1157",0,0,0.328465604191524,0,0,1,0,0,0,0,0,"Yes"
"1158",0,1,1.81663458228974,0,1,1,0,0,1,0,0,"Yes"
"1159",0,0,0.0995165306379524,0,0,1,0,0,0,0,0,"No"
"1160",0,1,-0.0721952745272262,0,0,1,0,0,1,0,0,"Yes"
"1161",0,0,-0.243907079692405,0,0,1,0,0,1,0,0,"Yes"
"1162",0,0,-0.873517031964726,0,0,1,0,0,0,0,0,"Yes"
"1163",0,0,-1.1024661055183,0,0,1,0,1,0,0,0,"Yes"
"1164",0,0,1.47321097195938,0,1,1,0,0,1,0,0,"No"
"1165",0,0,0.0995165306379524,0,0,1,0,0,0,0,0,"Yes"
"1166",0,0,-0.129432542915619,0,1,1,0,0,1,0,0,"No"
"1167",0,0,0.328465604191524,0,0,1,0,0,0,0,0,"Yes"
"1168",0,1,1.01531282485224,0,0,1,0,1,1,0,0,"Yes"
"1169",0,0,-0.587330690022762,0,1,1,0,0,1,0,0,"No"
"1170",1,0,0.958075556463845,0,0,1,0,0,0,0,0,"Yes"
"1171",1,1,1.3587364351826,0,0,1,0,0,1,0,0,"No"
"1172",0,0,-1.61760152101383,0,1,1,0,0,0,0,0,"Yes"
"1173",0,1,-1.1024661055183,0,0,1,0,0,1,0,1,"Yes"
"1174",0,0,-0.472856153245976,0,0,1,0,0,0,0,0,"Yes"
"1175",0,1,0.786363751298667,0,0,1,0,1,1,0,0,"Yes"
"1176",0,0,-1.73207605779062,0,0,1,0,0,0,0,0,"Yes"
"1177",1,0,0.671889214521881,0,0,1,0,0,1,0,0,"Yes"
"1178",0,0,-1.33141517907187,1,0,1,0,0,0,0,0,"Yes"
"1179",0,0,-0.129432542915619,0,0,1,0,0,0,0,0,"Yes"
"1180",0,0,-0.415618884857583,0,0,1,0,0,0,0,0,"Yes"
"1181",0,0,0.271228335803131,0,0,1,0,0,1,0,0,"Yes"
"1182",0,0,-0.530093421634369,0,0,1,0,0,0,0,1,"Yes"
"1183",0,0,-0.35838161646919,0,0,1,0,0,0,0,0,"Yes"
"1184",0,0,-0.530093421634369,0,0,1,0,0,0,0,0,"Yes"
"1185",0,0,0.271228335803131,0,0,1,0,0,1,0,1,"No"
"1186",0,1,1.75939731390135,0,0,1,1,0,0,0,0,"Yes"
"1187",0,0,2.04558365584331,0,0,1,0,0,1,0,0,"No"
"1188",0,0,0.958075556463845,0,0,1,0,0,0,0,0,"Yes"
"1189",0,1,1.64492277712456,0,0,1,0,0,1,0,0,"Yes"
"1190",0,0,-1.15970337390669,0,0,1,0,0,1,0,0,"No"
"1191",1,0,-1.44588971584865,0,0,1,0,0,1,0,0,"Yes"
"1192",0,0,1.3587364351826,0,0,1,0,0,1,0,0,"Yes"
"1193",0,0,-0.129432542915619,0,0,1,0,0,1,0,0,"Yes"
"1194",0,0,-0.472856153245976,0,0,1,0,0,0,0,0,"Yes"
"1195",0,0,0.0422792622495595,0,0,1,0,0,1,0,0,"Yes"
"1196",0,0,-0.816279763576333,0,0,1,0,0,1,0,0,"Yes"
"1197",0,0,-0.35838161646919,0,0,1,0,0,0,0,0,"Yes"
"1198",0,0,1.18702463001742,0,0,1,0,0,1,0,0,"Yes"
"1199",0,0,1.18702463001742,0,0,1,0,0,0,0,1,"Yes"
"1200",0,0,1.18702463001742,0,0,1,0,0,0,0,0,"Yes"
"1201",0,0,-1.50312698423705,0,0,1,0,0,1,0,0,"No"
"1202",0,1,0.385702872579917,0,0,1,0,0,1,0,0,"Yes"
"1203",0,0,0.843601019687059,0,0,1,0,0,0,0,0,"Yes"
"1204",0,0,-1.67483878940223,0,0,1,0,0,1,0,0,"Yes"
"1205",0,1,0.729126482910274,0,0,1,0,0,1,0,0,"Yes"
"1206",0,0,-0.243907079692405,1,0,1,0,0,1,0,0,"Yes"
"1207",0,0,-1.15970337390669,0,0,1,0,0,1,0,0,"Yes"
"1208",0,0,-1.0452288371299,0,0,1,0,0,1,0,0,"Yes"
"1209",0,0,0.442940140968309,0,0,1,0,0,1,0,0,"Yes"
"1210",0,0,-0.987991568741512,0,0,1,0,0,1,0,0,"Yes"
"1211",1,0,-1.56036425262544,0,0,1,0,0,1,0,0,"No"
"1212",0,0,0.156753799026345,0,0,1,0,0,0,0,0,"Yes"
"1213",0,0,1.41597370357099,0,0,1,0,0,1,0,1,"Yes"
"1214",1,0,0.729126482910274,0,0,1,0,0,1,0,0,"Yes"
"1215",0,0,0.328465604191524,0,0,1,0,0,0,0,0,"Yes"
"1216",0,0,0.328465604191524,0,0,1,0,0,0,0,0,"Yes"
"1217",0,0,0.213991067414738,0,0,1,0,0,1,0,0,"Yes"
"1218",0,0,0.786363751298667,1,0,1,0,0,0,0,0,"Yes"
"1219",0,1,1.53044824034777,0,0,1,0,0,1,1,0,"Yes"
"1220",0,0,0.156753799026345,0,0,1,0,0,0,0,0,"Yes"
"1221",0,0,-0.530093421634369,0,0,1,0,0,1,0,0,"Yes"
"1222",1,1,-0.186669811304012,0,0,1,0,0,0,0,0,"Yes"
"1223",0,0,0.729126482910274,0,0,1,0,0,0,0,0,"Yes"
"1224",0,0,-0.644567958411155,0,0,1,0,0,0,0,0,"Yes"
"1225",0,0,-0.415618884857583,0,0,1,0,0,1,0,0,"Yes"
"1226",0,0,-1.15970337390669,0,0,1,0,0,1,0,0,"Yes"
"1227",0,0,0.0422792622495595,0,0,1,0,0,0,0,0,"Yes"
"1228",0,1,-1.44588971584865,0,0,1,0,0,1,0,0,"No"
"1229",0,0,-0.301144348080798,0,0,1,0,0,0,0,0,"Yes"
"1230",0,0,-1.15970337390669,0,0,1,0,0,0,0,0,"Yes"
"1231",0,0,-1.67483878940223,0,0,1,1,0,0,0,0,"Yes"
"1232",0,0,-0.0149580061388333,0,0,1,0,0,1,0,0,"Yes"
"1233",0,0,-1.38865244746026,0,0,1,0,0,1,0,0,"Yes"
"1234",0,0,0.557414677745095,0,0,1,0,0,1,0,0,"Yes"
"1235",0,0,-1.33141517907187,0,0,1,0,0,0,0,0,"Yes"
"1236",0,0,-1.1024661055183,0,0,1,0,0,1,0,0,"Yes"
"1237",0,0,-1.73207605779062,1,0,1,0,0,0,0,0,"No"
"1238",0,0,-0.701805226799547,0,0,1,0,0,1,0,1,"Yes"
"1239",0,0,2.04558365584331,0,1,1,0,0,1,0,0,"Yes"
"1240",0,0,1.47321097195938,1,0,1,0,0,1,0,0,"Yes"
"1241",0,1,0.671889214521881,0,0,1,0,0,1,0,1,"Yes"
"1242",0,0,1.3014991667942,0,0,1,0,0,1,0,0,"Yes"
"1243",0,0,0.729126482910274,0,0,1,0,0,1,0,0,"Yes"
"1244",0,0,-0.186669811304012,0,0,1,0,0,0,0,0,"Yes"
"1245",0,0,-0.0149580061388333,0,0,1,0,0,0,0,0,"Yes"
"1246",0,1,1.18702463001742,0,0,1,0,0,0,1,0,"Yes"
"1247",0,0,-0.472856153245976,1,0,1,0,0,0,0,0,"Yes"
"1248",0,1,-0.816279763576333,0,0,1,0,0,1,0,0,"Yes"
"1249",0,0,0.0422792622495595,0,0,1,0,0,1,0,0,"Yes"
"1250",0,0,-1.38865244746026,0,0,1,0,0,0,1,0,"Yes"
"1251",0,0,-1.61760152101383,0,0,1,0,0,1,0,0,"No"
"1252",0,1,-0.129432542915619,0,0,1,0,0,0,0,0,"Yes"
"1253",0,1,1.98834638745492,0,0,1,0,0,0,0,0,"Yes"
"1254",0,0,0.671889214521881,0,1,1,0,0,1,0,0,"Yes"
"1255",0,0,-0.243907079692405,0,0,1,0,0,0,0,0,"Yes"
"1256",0,0,-1.1024661055183,0,0,1,0,0,1,1,0,"Yes"
"1257",0,0,0.786363751298667,0,0,1,0,0,0,1,0,"Yes"
"1258",0,1,1.93110911906652,0,0,1,0,0,1,1,0,"Yes"
"1259",0,0,0.900838288075452,0,0,1,0,0,0,0,1,"Yes"
"1260",0,0,-1.21694064229508,0,0,1,0,0,0,0,1,"Yes"
"1261",0,0,-0.701805226799547,0,0,1,0,0,1,0,0,"Yes"
"1262",0,0,-1.50312698423705,0,1,1,0,0,0,0,0,"Yes"
"1263",0,0,0.442940140968309,0,0,1,0,0,0,0,0,"Yes"
"1264",0,0,-1.50312698423705,0,0,1,0,0,0,0,0,"No"
"1265",0,0,0.729126482910274,0,0,1,0,1,1,0,0,"Yes"
"1266",0,0,-0.701805226799547,0,0,1,0,0,1,0,0,"Yes"
"1267",0,0,1.41597370357099,0,0,1,0,0,0,0,0,"Yes"
"1268",0,0,1.24426189840581,0,0,1,0,0,1,0,1,"Yes"
"1269",0,0,-1.50312698423705,0,0,1,0,0,1,0,0,"Yes"
"1270",0,1,1.07255009324063,0,1,1,0,0,1,0,0,"Yes"
"1271",0,0,-0.816279763576333,0,0,1,0,0,1,0,0,"Yes"
"1272",0,0,-1.61760152101383,0,0,1,0,0,0,0,0,"Yes"
"1273",0,0,-0.243907079692405,0,0,1,0,0,1,0,0,"Yes"
"1274",0,0,-0.75904249518794,0,0,1,0,0,0,0,0,"Yes"
"1275",0,0,-0.987991568741512,0,1,1,0,0,1,0,0,"Yes"
"1276",0,0,0.442940140968309,0,0,1,0,0,0,0,0,"Yes"
"1277",0,0,0.0422792622495595,0,0,1,0,0,0,0,0,"No"
"1278",0,0,0.900838288075452,0,0,1,0,0,0,0,1,"Yes"
"1279",0,0,-1.1024661055183,0,0,1,0,0,0,0,1,"Yes"
"1280",0,0,0.729126482910274,0,0,1,0,0,1,0,0,"Yes"
"1281",0,0,-0.0721952745272262,0,0,1,0,0,0,0,0,"Yes"
"1282",0,0,0.385702872579917,0,0,1,0,0,1,0,0,"Yes"
"1283",0,0,-0.0149580061388333,1,0,1,0,0,0,0,0,"No"
"1284",1,0,-1.0452288371299,0,0,1,0,0,1,0,0,"Yes"
"1285",0,0,0.729126482910274,0,0,1,0,0,0,0,0,"Yes"
"1286",0,0,0.729126482910274,0,0,1,0,0,0,0,0,"Yes"
"1287",0,1,0.156753799026345,0,0,1,1,0,0,0,0,"Yes"
"1288",0,0,-0.301144348080798,0,0,1,0,0,1,0,0,"Yes"
"1289",0,0,0.0422792622495595,0,0,1,0,0,0,0,0,"Yes"
"1290",0,0,0.156753799026345,0,0,1,0,0,1,0,0,"Yes"
"1291",0,0,1.64492277712456,0,0,1,0,0,1,0,0,"Yes"
"1292",0,0,-1.56036425262544,0,0,1,0,0,1,0,0,"Yes"
"1293",0,1,-0.701805226799547,0,0,1,0,0,1,0,0,"Yes"
"1294",0,0,1.64492277712456,1,0,1,0,0,1,0,0,"No"
"1295",0,0,1.18702463001742,0,0,1,0,0,0,0,0,"Yes"
"1296",1,0,-1.1024661055183,0,0,1,0,0,0,0,0,"No"
"1297",0,1,1.07255009324063,0,0,1,0,0,0,0,1,"Yes"
"1298",0,0,-1.21694064229508,0,0,1,0,0,1,0,0,"Yes"
"1299",0,0,-0.873517031964726,0,0,1,0,0,0,0,0,"No"
"1300",0,0,-0.0149580061388333,0,0,1,0,0,1,0,0,"Yes"
"1301",0,0,0.0995165306379524,0,0,1,0,0,0,0,0,"Yes"
"1302",0,0,0.557414677745095,0,0,1,0,0,0,0,0,"Yes"
"1303",0,0,0.271228335803131,1,0,1,0,0,0,0,0,"Yes"
"1304",0,0,-0.301144348080798,0,0,1,0,0,0,0,0,"Yes"
"1305",0,0,-1.0452288371299,0,0,1,0,0,1,0,0,"Yes"
"1306",0,1,-0.530093421634369,0,0,1,1,0,0,0,0,"Yes"
"1307",0,0,0.271228335803131,0,0,1,0,0,1,0,0,"Yes"
"1308",0,0,0.271228335803131,0,0,1,0,0,1,0,0,"Yes"
"1309",0,0,0.671889214521881,0,0,1,0,0,0,0,0,"Yes"
"1310",0,0,0.156753799026345,1,0,1,0,0,1,0,0,"Yes"
"1311",0,0,0.500177409356702,0,0,1,0,0,1,0,0,"Yes"
"1312",0,0,0.385702872579917,0,0,1,0,0,0,0,0,"Yes"
"1313",0,0,-0.701805226799547,0,0,1,0,0,1,0,0,"Yes"
"1314",0,0,-1.15970337390669,0,0,1,0,0,0,0,0,"Yes"
"1315",0,0,0.442940140968309,0,0,1,0,0,0,0,0,"Yes"
"1316",0,0,-1.67483878940223,0,0,1,0,0,1,0,0,"Yes"
"1317",0,0,-0.75904249518794,1,0,1,0,0,1,0,0,"No"
"1318",0,0,1.24426189840581,0,0,1,0,0,0,0,0,"Yes"
"1319",0,1,0.385702872579917,0,1,1,0,0,1,0,0,"No"
"1320",0,0,0.900838288075452,0,0,1,0,0,1,0,1,"Yes"
"1321",0,0,-0.129432542915619,1,0,1,0,0,1,0,0,"Yes"
"1322",0,0,0.156753799026345,0,0,1,0,0,0,0,0,"Yes"
"1323",0,0,-1.67483878940223,0,0,1,0,0,1,0,0,"Yes"
"1324",0,0,-0.186669811304012,0,0,1,0,0,1,0,0,"Yes"
"1325",0,1,1.58768550873617,0,1,1,0,0,1,0,0,"No"
"1326",0,0,0.843601019687059,0,0,1,0,0,0,0,0,"Yes"
"1327",0,0,1.70216004551295,0,0,1,0,0,0,0,0,"Yes"
"1328",0,1,1.24426189840581,0,0,1,0,0,1,0,0,"Yes"
"1329",0,0,-0.243907079692405,0,0,1,0,0,0,0,0,"Yes"
"1330",0,0,0.958075556463845,0,0,1,0,0,0,0,0,"Yes"
"1331",0,1,0.671889214521881,0,0,1,0,0,0,0,1,"No"
"1332",0,1,0.500177409356702,0,0,1,0,0,1,1,0,"Yes"
"1333",0,0,1.12978736162902,0,0,1,0,0,1,0,1,"Yes"
"1334",1,0,1.70216004551295,0,0,1,0,0,1,0,0,"Yes"
"1335",0,0,1.41597370357099,0,0,1,0,0,0,0,1,"Yes"
"1336",1,1,0.843601019687059,0,0,1,0,0,1,0,0,"No"
"1337",0,0,0.500177409356702,1,0,1,0,0,0,0,0,"No"
"1338",0,1,1.47321097195938,0,0,1,0,1,1,0,0,"Yes"
"1339",0,0,0.900838288075452,0,0,1,0,0,1,0,0,"Yes"
"1340",0,0,-0.873517031964726,0,0,1,0,0,1,0,0,"Yes"
"1341",0,0,-1.61760152101383,1,0,1,0,0,0,0,0,"No"
"1342",0,0,-0.644567958411155,0,0,1,0,0,1,0,0,"Yes"
"1343",0,0,-0.243907079692405,0,0,1,0,0,0,0,0,"No"
"1344",0,0,-1.61760152101383,0,0,1,0,0,1,0,0,"Yes"
"1345",0,0,-1.56036425262544,0,0,1,0,0,0,0,0,"Yes"
"1346",0,0,1.64492277712456,0,0,1,0,1,1,0,0,"Yes"
"1347",0,0,-0.587330690022762,1,0,1,0,0,1,0,0,"Yes"
"1348",0,0,0.0995165306379524,0,0,1,0,0,1,0,0,"Yes"
"1349",0,0,-0.0721952745272262,0,0,1,0,0,1,0,0,"Yes"
"1350",1,0,-0.186669811304012,0,0,1,0,0,0,0,0,"No"
"1351",1,0,1.18702463001742,0,0,1,0,0,1,0,0,"Yes"
"1352",0,0,-1.1024661055183,0,0,1,0,0,0,0,0,"Yes"
"1353",0,0,-0.301144348080798,0,0,1,0,0,1,0,1,"Yes"
"1354",0,0,0.900838288075452,0,0,1,0,0,0,0,1,"Yes"
"1355",0,0,0.385702872579917,0,0,1,0,0,1,0,0,"Yes"
"1356",0,0,-0.243907079692405,0,0,1,0,0,0,0,0,"Yes"
"1357",0,0,-1.0452288371299,0,0,1,0,0,1,0,0,"Yes"
"1358",0,0,-0.0149580061388333,0,0,1,0,0,0,0,0,"Yes"
"1359",0,0,-0.987991568741512,0,0,1,0,0,0,0,0,"No"
"1360",0,0,-0.186669811304012,0,0,1,0,0,1,0,0,"Yes"
"1361",1,0,-0.644567958411155,0,0,1,0,0,1,0,0,"Yes"
"1362",0,1,1.07255009324063,0,0,1,1,0,1,0,0,"Yes"
"1363",0,0,0.213991067414738,0,0,1,0,0,1,0,0,"Yes"
"1364",0,0,-0.301144348080798,0,0,1,0,0,1,0,0,"Yes"
"1365",0,0,-1.67483878940223,0,0,1,1,0,1,0,0,"Yes"
"1366",0,0,-1.1024661055183,0,0,1,0,0,1,0,0,"Yes"
"1367",0,0,0.0422792622495595,0,0,1,0,0,1,0,0,"Yes"
"1368",0,0,-1.50312698423705,0,0,1,0,0,0,0,0,"Yes"
"1369",0,0,-0.301144348080798,0,0,1,0,0,1,0,0,"Yes"
"1370",0,0,-1.21694064229508,0,0,1,0,0,0,0,0,"Yes"
"1371",0,0,-0.587330690022762,0,0,1,0,0,1,0,0,"Yes"
"1372",0,0,2.04558365584331,0,0,1,0,0,1,0,0,"Yes"
"1373",0,0,1.3014991667942,0,0,1,0,1,1,0,0,"No"
"1374",0,0,-0.472856153245976,1,0,1,0,0,1,0,0,"Yes"
"1375",0,0,-0.873517031964726,0,0,1,0,0,0,0,0,"No"
"1376",0,0,-0.0721952745272262,0,0,1,0,0,1,0,0,"Yes"
"1377",0,0,-0.0149580061388333,0,0,1,0,0,0,0,0,"Yes"
"1378",0,0,0.729126482910274,0,0,1,0,0,0,0,0,"Yes"
"1379",0,0,0.0995165306379524,0,0,1,0,0,1,0,0,"Yes"
"1380",0,0,-0.415618884857583,0,0,1,0,0,1,0,1,"Yes"
"1381",0,0,-0.301144348080798,0,0,1,0,0,1,0,0,"Yes"
"1382",0,0,1.64492277712456,0,0,1,0,0,0,0,1,"Yes"
"1383",0,0,0.557414677745095,0,0,1,0,0,0,0,0,"Yes"
"1384",0,0,-0.530093421634369,0,0,1,0,0,0,0,0,"No"
"1385",0,0,1.3014991667942,0,0,1,0,0,0,0,0,"Yes"
"1386",0,0,-0.129432542915619,0,0,1,0,0,1,0,0,"Yes"
"1387",0,0,-0.873517031964726,0,0,1,0,0,1,0,0,"Yes"
"1388",1,0,-1.61760152101383,0,0,1,0,0,1,0,0,"No"
"1389",0,0,0.500177409356702,0,0,1,0,0,1,0,0,"Yes"
"1390",0,1,0.900838288075452,0,0,1,0,0,0,0,0,"Yes"
"1391",0,0,-1.50312698423705,0,0,1,0,0,1,0,1,"Yes"
"1392",0,0,-0.644567958411155,0,0,1,0,0,1,0,0,"Yes"
"1393",0,1,0.614651946133488,0,1,1,0,0,0,0,0,"No"
"1394",0,0,-0.243907079692405,0,0,1,0,0,0,0,0,"Yes"
"1395",0,0,-0.587330690022762,1,0,1,0,0,1,0,0,"Yes"
"1396",0,0,-0.243907079692405,0,0,1,0,0,0,0,0,"Yes"
"1397",0,0,-0.472856153245976,0,0,1,0,0,0,0,0,"Yes"
"1398",0,0,1.70216004551295,1,0,1,0,0,1,0,0,"Yes"
"1399",1,0,0.557414677745095,0,0,1,0,0,1,0,0,"Yes"
"1400",1,0,1.3587364351826,0,0,1,0,0,1,0,0,"Yes"
"1401",0,1,0.786363751298667,0,0,1,0,0,1,0,0,"Yes"
"1402",0,0,0.156753799026345,0,0,1,0,1,0,0,0,"Yes"
"1403",0,0,0.156753799026345,0,0,1,0,0,1,0,0,"Yes"
"1404",0,0,1.64492277712456,1,0,1,0,0,0,0,0,"Yes"
"1405",0,0,-0.75904249518794,0,0,1,0,0,1,0,0,"Yes"
"1406",0,0,-1.73207605779062,0,0,1,0,0,1,0,0,"Yes"
"1407",0,0,-1.67483878940223,0,0,1,0,0,0,0,0,"Yes"
"1408",0,0,-0.530093421634369,0,0,1,0,0,1,0,0,"Yes"
"1409",0,0,1.12978736162902,0,0,1,0,0,1,0,0,"Yes"
"1410",0,0,-0.644567958411155,0,0,1,0,0,0,0,0,"Yes"
"1411",0,0,1.24426189840581,0,0,1,0,0,0,0,0,"Yes"
"1412",0,0,0.213991067414738,0,0,1,0,0,1,0,0,"Yes"
"1413",0,0,-0.530093421634369,1,0,1,0,0,0,0,0,"Yes"
"1414",0,0,-0.243907079692405,0,0,1,0,0,1,0,0,"Yes"
"1415",0,0,0.786363751298667,0,0,1,0,0,0,0,0,"Yes"
"1416",0,1,1.41597370357099,0,0,1,1,0,0,0,0,"Yes"
"1417",0,0,-0.243907079692405,0,0,1,0,0,1,1,0,"Yes"
"1418",0,0,-0.243907079692405,0,0,1,0,0,0,0,0,"Yes"
"1419",0,0,0.786363751298667,0,0,1,0,0,0,0,0,"Yes"
"1420",0,0,-0.472856153245976,0,0,1,0,0,0,0,0,"Yes"
"1421",0,0,-0.530093421634369,0,0,1,0,0,1,0,0,"Yes"
"1422",0,0,-0.0721952745272262,0,0,1,0,0,0,0,0,"Yes"
"1423",0,0,-1.21694064229508,0,0,1,0,0,1,0,1,"Yes"
"1424",0,1,0.328465604191524,0,0,1,0,0,0,0,1,"Yes"
"1425",0,0,1.3014991667942,0,0,1,0,0,1,0,0,"Yes"
"1426",0,0,-0.35838161646919,0,0,1,0,0,1,0,0,"Yes"
"1427",0,0,-0.701805226799547,0,0,1,0,0,1,0,0,"Yes"
"1428",0,0,0.328465604191524,0,0,1,0,0,1,0,0,"Yes"
"1429",0,1,1.47321097195938,0,0,1,0,0,1,0,1,"Yes"
"1430",0,0,-0.0149580061388333,0,0,1,0,0,0,0,0,"Yes"
"1431",0,0,-1.15970337390669,0,0,1,0,0,1,0,1,"No"
"1432",0,0,-0.530093421634369,0,0,1,0,0,0,0,0,"Yes"
"1433",0,0,0.729126482910274,0,0,1,0,1,1,0,0,"Yes"
"1434",1,0,-0.472856153245976,0,0,1,0,0,1,0,0,"Yes"
"1435",0,0,-0.530093421634369,0,0,1,0,1,1,0,0,"Yes"
"1436",0,1,0.614651946133488,1,0,1,0,0,1,0,0,"Yes"
"1437",0,0,0.0422792622495595,0,0,1,0,0,1,0,0,"Yes"
"1438",0,0,-0.644567958411155,0,0,1,0,0,1,0,1,"Yes"
"1439",0,0,-1.73207605779062,0,0,1,1,0,0,0,0,"No"
"1440",0,1,1.3587364351826,0,0,1,0,1,0,0,0,"No"
"1441",0,0,1.87387185067813,0,0,1,0,0,0,0,0,"Yes"
"1442",0,0,0.385702872579917,0,0,1,0,0,1,0,0,"Yes"
"1443",0,0,0.213991067414738,0,0,1,0,0,0,0,0,"Yes"
"1444",0,0,-0.530093421634369,0,0,1,0,0,0,0,0,"Yes"
"1445",0,0,0.557414677745095,0,0,1,0,0,1,0,0,"Yes"
"1446",0,0,-0.930754300353119,0,0,1,0,0,0,0,0,"Yes"
"1447",0,1,0.843601019687059,0,0,1,0,0,0,0,0,"Yes"
"1448",0,0,-0.987991568741512,0,0,1,0,0,1,0,0,"Yes"
"1449",0,0,0.385702872579917,0,0,1,0,0,1,0,0,"Yes"
"1450",0,0,0.0422792622495595,0,0,1,0,0,0,0,0,"Yes"
"1451",0,1,1.75939731390135,0,0,1,0,0,0,0,0,"Yes"
"1452",0,1,-0.186669811304012,0,0,1,1,0,1,0,0,"Yes"
"1453",0,0,-0.701805226799547,0,0,1,0,0,0,0,0,"Yes"
"1454",0,0,-0.530093421634369,0,0,1,0,0,1,0,0,"Yes"
"1455",0,1,1.87387185067813,0,0,1,0,1,0,0,0,"Yes"
"1456",0,0,0.729126482910274,0,0,1,0,0,0,0,0,"Yes"
"1457",0,0,-0.873517031964726,0,0,1,0,0,1,0,0,"Yes"
"1458",0,0,0.0422792622495595,0,0,1,0,0,1,0,0,"Yes"
"1459",0,0,-0.301144348080798,0,0,1,0,0,0,0,0,"Yes"
"1460",0,0,1.07255009324063,0,0,1,0,0,0,0,0,"Yes"
"1461",0,0,-1.38865244746026,0,0,1,0,0,1,0,0,"Yes"
"1462",0,1,-1.50312698423705,0,0,1,0,0,1,0,1,"Yes"
"1463",0,0,-0.35838161646919,0,0,1,0,0,0,0,0,"No"
"1464",0,0,-0.644567958411155,0,0,1,0,0,0,0,0,"Yes"
"1465",0,0,-1.50312698423705,0,0,1,0,0,1,0,0,"Yes"
"1466",0,0,-0.129432542915619,0,0,1,0,0,1,0,0,"Yes"
"1467",0,0,0.328465604191524,0,0,1,0,0,1,0,0,"Yes"
"1468",0,0,-0.243907079692405,0,0,1,0,0,0,0,0,"Yes"
"1469",1,0,-1.67483878940223,0,0,1,0,0,1,0,0,"No"
"1470",0,0,-0.415618884857583,0,0,1,0,0,1,0,0,"Yes"
"1471",0,1,0.271228335803131,0,0,1,1,0,0,0,0,"Yes"
"1472",0,1,1.53044824034777,0,0,1,0,0,0,0,1,"Yes"
"1473",1,1,1.64492277712456,0,0,1,0,0,0,0,0,"No"
"1474",0,0,-0.701805226799547,0,0,1,0,0,1,0,0,"Yes"
"1475",0,0,-0.186669811304012,0,0,1,0,0,0,0,0,"Yes"
"1476",0,0,-1.33141517907187,1,0,1,0,0,1,0,0,"Yes"
"1477",0,0,-0.35838161646919,0,0,1,0,0,1,0,0,"Yes"
"1478",0,0,-0.75904249518794,0,0,1,0,0,1,0,0,"No"
"1479",0,0,-0.701805226799547,0,0,1,0,0,0,0,0,"Yes"
"1480",0,0,0.0422792622495595,0,0,1,0,0,1,0,0,"Yes"
"1481",0,0,0.442940140968309,0,0,1,0,0,0,0,0,"Yes"
"1482",0,0,-1.44588971584865,0,0,1,0,0,1,0,0,"Yes"
"1483",0,0,-1.73207605779062,0,0,1,0,0,1,0,0,"Yes"
"1484",1,0,0.0995165306379524,0,0,1,0,0,1,0,0,"No"
"1485",0,0,0.213991067414738,0,0,1,0,0,1,0,0,"Yes"
"1486",0,0,-0.0721952745272262,0,0,1,0,0,1,0,0,"Yes"
"1487",0,0,0.786363751298667,0,0,1,0,0,1,0,0,"Yes"
"1488",1,0,1.81663458228974,0,0,1,0,0,1,0,0,"No"
"1489",0,0,-0.816279763576333,0,0,1,0,0,0,0,0,"Yes"
"1490",0,0,1.98834638745492,0,0,1,0,0,0,0,0,"Yes"
"1491",0,0,0.442940140968309,0,0,1,0,0,0,0,0,"Yes"
"1492",0,0,-1.21694064229508,0,0,1,0,0,1,0,1,"Yes"
"1493",0,1,0.729126482910274,0,0,1,1,0,1,0,0,"No"
"1494",0,0,0.0422792622495595,0,0,1,0,0,1,0,0,"Yes"
"1495",0,0,0.0995165306379524,0,0,1,0,0,1,0,0,"Yes"
"1496",0,0,0.213991067414738,0,0,1,0,0,1,0,0,"Yes"
"1497",0,0,-1.44588971584865,0,0,1,0,0,0,0,0,"Yes"
"1498",0,0,-0.186669811304012,1,0,1,0,0,0,0,0,"Yes"
"1499",0,1,1.70216004551295,1,0,1,0,0,1,0,0,"No"
"1500",1,1,-0.75904249518794,0,0,1,0,0,1,0,0,"Yes"
